Código,Descrição,Classificação Fiscal,EAN (Unidade),EAN (Display),EAN  (Caixa),Cod,Grupo,Cod,Familia,Linha
411016,MOCA Leite Condensado NPro 4x5kg XW     ,0402.99.00      ,7891000101605,,17891000010164,521,01-NP Lácteos,3,01c-Condensados,Food
411059,MOCA Leite Condensado NPro 6x2 6kg XW   ,0402.99.00      ,7891000004180,,17891000003579,521,01-NP Lácteos,3,01c-Condensados,Food
411522,MOCA Beijinho NPro 6x2400g XW           ,1901.90.90      ,7891000004197,,17891000003586,521,01-NP Lácteos,1,01a-Top Lácteos,Food
411524,MOCA Doce de Leite NPro 6x2 540g XW     ,1901.90.20      ,7891000004210,,17891000003609,521,01-NP Lácteos,1,01a-Top Lácteos,Food
411526,MOCA Chocolate NPro 6x2 540kg XW        ,1806.20.00      ,7891000004234,,17891000003623,521,01-NP Lácteos,1,01a-Top Lácteos,Food
411686,NESTLE Calda Choc Mamgo NPro 5x3kg BR   ,1806.20.00      ,7891000168608,,17891000016869,524,04-NP Sobremesas,2,04b-Demais Sobremesas,Food
412227,MAGGI Pure de Batatas NPro 6x400g XW    ,1105.20.00      ,7891000010440,,17891000008611,523,03-NP Culinários,5,03e-MAGGI Meals,Food
412234,NESTLE Cob Chocolate Diet NPro 500g XR  ,1806.32.10      ,7891000010433,,17891000008604,522,02-NP Chocolates,2,02b-Cobertura Nobre,Food
413522,NESTLE Chocolate Mousse NPro 8x500g BR  ,1806.90.00      ,7891000010945,,17891000008932,524,04-NP Sobremesas,2,04b-Demais Sobremesas,Food
413724,NESCAU Caixa NPro 3x3kg XR              ,1806.90.00EX01  ,7891000372401,,17891000037246,526,06-NP Standard,1,06a-Achoc Po,Food
414529,NESTLE Choc Po Solu 50  NPro 6x2kg XR   ,1806.10.00      ,7891000452905,,17891000045296,522,02-NP Chocolates,4,02d-Chocolate Pó,Food
414530,Chocolate Po 50  NPro 25kg BR           ,1806.10.00      ,7891000453001,,7891000453001,522,02-NP Chocolates,4,02d-Chocolate Pó,Food
414582,NESTLE Choc Po Solu 32  NPro 6x2kg XR   ,1806.10.00      ,7891000458204,,17891000045821,522,02-NP Chocolates,4,02d-Chocolate Pó,Food
414583,NESTLE Choc Po Soluvel S32  NPro 25kg XR,1806.10.00      ,7891000458303,,7891000458303,522,02-NP Chocolates,4,02d-Chocolate Pó,Food
415328,MAGGI Creme de Cebola NPro 6x1kg XW     ,2104.10.11      ,7891000532805,,17891000053284,523,03-NP Culinários,5,03e-MAGGI Meals,Food
415533,MOCA LeiteCondensadoRech NPro 6x2 6kg XW,0402.99.00      ,7891000027387,,7891000027394,521,01-NP Lácteos,1,01a-Top Lácteos,Food
419489,NEGRESCO Bisc Granulado NPro 6x1000g XR ,1905.31.00      ,7891000948903,,17891000094898,525,05-NP Biscoitos,1,05a-Biscoitos,Food
12073778,NESTLE NPro Cob Rech Ganache 6x2 330kgBR,1806.20.00      ,7891000062234,,7891000062241,522,02-NP Chocolates,5,02e-Ganache,Food
12133006,MOCA Doce de Leite NPro 5x3kg BR        ,1901.90.20      ,7891000077177,,7891000077184,521,01-NP Lácteos,1,01a-Top Lácteos,Food
12133009,NESTLE Nestilly UHT NPro 12x1kg BR      ,0401.50.21      ,7891000027448,,7891000027455,521,01-NP Lácteos,2,01b-Cremes,Food
12133134,NESTLE Creme de Leite UHT NPro 12x1kg BR,0401.50.21      ,7891000121702,,17891000012175,521,01-NP Lácteos,2,01b-Cremes,Food
12168360,MAGGI FONDOR Tempero NPro 6x1 1kg BR    ,2103.90.29      ,7891000085431,,7891000085448,523,03-NP Culinários,3,03c-MAGGI Temperos,Food
12168361,MAGGI Amaciante de Carne NPro 6x1 1kg BR,3507.90.26      ,7891000085455,,7891000085462,523,03-NP Culinários,3,03c-MAGGI Temperos,Food
12168362,MAGGI GRIL Tempero NPro 6x1 1kg BR      ,2103.90.29      ,7891000085479,,7891000085486,523,03-NP Culinários,3,03c-MAGGI Temperos,Food
12171854,NESTLE CremedeLeite Light NPro 12x1kg BR,0401.50.21      ,7891000086551,,7891000086568,521,01-NP Lácteos,2,01b-Cremes,Food
12188148,MAGGI Tempero Refoga NPro 6x1 1kg BR    ,2103.90.29      ,7891000090336,,7891000090343,523,03-NP Culinários,3,03c-MAGGI Temperos,Food
12209621,MOCA Recheio Morango NPro 6x2 6kg BR    ,1901.90.90      ,7891000095348,,7891000095355,521,01-NP Lácteos,1,01a-Top Lácteos,Food
12220263,MOCA Brigadeiro NPro 6x2 570kg BR       ,1901.90.90      ,7891000004227,,17891000003616,521,01-NP Lácteos,1,01a-Top Lácteos,Food
12255799,NESTLE Cob Chocolate Marfim NPro12x1kgBR,1704.90.10      ,7891000104866,,7891000104873,522,02-NP Chocolates,1,02a-Cobertura Regular,Food
12255810,NESTLE Cob Chocolate Blend NPro 12x1kgBR,1806.32.10      ,7891000104804,,7891000104811,522,02-NP Chocolates,1,02a-Cobertura Regular,Food
12255811,NESTLE Cob Chocolate Leite Npro 12x1kgBR,1806.32.10      ,7891000104828,,7891000104835,522,02-NP Chocolates,1,02a-Cobertura Regular,Food
12255812,NESTLE Cob Chocolate Mamgo NPro 12x1kgBR,1806.32.10      ,7891000104842,,7891000104859,522,02-NP Chocolates,1,02a-Cobertura Regular,Food
12267768,NESTLE Creme de Lei Lata NPro 48x300g BR,0401.50.29      ,7891000107331,,7891000107348,521,01-NP Lácteos,2,01b-Cremes,Food
12318446,CHARGE Recheio NPro 6x2 4kg BR          ,1806.20.00      ,7891000119938,,7891000119945,521,01-NP Lácteos,1,01a-Top Lácteos,Food
12320781,MAGGI Caldo de Galinha NPro 6x1 01kg BR ,2104.10.19      ,7891000120163,,7891000120170,523,03-NP Culinários,2,03b-MAGGI Caldos,Food
12320782,MAGGI Caldo de Carne NPro 6x1 01kg BR   ,2104.10.19      ,7891000120187,,7891000120194,523,03-NP Culinários,2,03b-MAGGI Caldos,Food
12330469,NESCAU ACTIGEN-E Achoc Po NPro 4x2kg BR ,1806.90.00EX01  ,7891000242599,,7891000242605,526,06-NP Standard,1,06a-Achoc Po,Food
12346804,ALPINO Recheio NPro 6x2 54kg BR         ,1806.20.00      ,7891000250884,,7891000250891,521,01-NP Lácteos,1,01a-Top Lácteos,Food
12350533,ALPINO Achocolatado Po NPro 6x1kg BR    ,1806.90.00EX01  ,7891000251355,,7891000251362,526,06-NP Standard,1,06a-Achoc Po,Food
12351872,NESTLE Cob Choc Leite NPro 6x2 1kg BR   ,1806.20.00      ,7891000251805,,7891000251812,522,02-NP Chocolates,1,02a-Cobertura Regular,Food
12351873,NESTLE Cob Choc Marfim NPro 6x2 1 kg BR ,1704.90.10      ,7891000251782,,7891000251799,522,02-NP Chocolates,1,02a-Cobertura Regular,Food
12351874,NESTLE Cob Choc Mamgo NPro 6x2 1 kg BR  ,1806.20.00      ,7891000251768,,7891000251775,522,02-NP Chocolates,1,02a-Cobertura Regular,Food
12351875,NESTLE Cob Choc Blend NPro 6x2 1kg BR   ,1806.20.00      ,7891000251744,,7891000251751,522,02-NP Chocolates,1,02a-Cobertura Regular,Food
12377123,CHEF em Po Roti Carne 6x600g NPro BR    ,2106.90.90      ,7891000258873,,7891000258880,523,03-NP Culinários,6,03b-CHEF,Food
12383770,NESTLE Rech Torta 6x600g NPro BR        ,2106.90.29      ,7891000261651,,7891000261668,524,04-NP Sobremesas,1,04a-Docello,Food
12383806,NESTLE Chocbra Mse 8x500g NPro BR       ,2106.90.29      ,7891000261699,,7891000261705,524,04-NP Sobremesas,1,04a-Docello,Food
12392572,KIT KAT Pasta 6x2 1kg NPro BR           ,1806.20.00      ,7891000275184,,7891000275191,522,02-NP Chocolates,5,02e-Ganache,Food
12411620,MOCA Rech Cob Churros NPro 6x2 6kg BR   ,1901.90.90      ,7891000286524,,7891000286531,521,01-NP Lácteos,1,01a-Top Lácteos,Food
12411621,MOCA Rech Cob Choc Avl NPro 6x2 6kg BR  ,1806.20.00      ,7891000286562,,7891000286579,521,01-NP Lácteos,1,01a-Top Lácteos,Food
411201,NESTLE Creme de Leite Lata 48x300g BR   ,0401.50.29      ,7891000120101,,17891000012014,114,LEITES CULINARIOS,98,CREME LATA,Nestlé
411269,NESTLE Creme de Leite Uht 27x200g BR    ,0401.50.21      ,7891000126905,,17891000012694,114,LEITES CULINARIOS,99,CREME TP,Nestlé
411403,NINHO Leite em Po Integral 24x400g BR   ,0402.21.10      ,7891000140307,,17891000014032,113,LEITE EM PO,95,NINHO TRAD/INST LATA,Nestlé
411422,NINHO Leite em Po Inst 24x400g BR       ,0402.21.10      ,7891000142202,,17891000014223,113,LEITE EM PO,95,NINHO TRAD/INST LATA,Nestlé
411541,MOCA Doce de Leite 48x390g BR           ,1901.90.20      ,7891000154106,,17891000015411,114,LEITES CULINARIOS,101,MOCA DOCE DE LEITE,Nestlé
412340,NUTREN ACTIVE PBIO1 Baunilha 12x400g BR ,1901.90.90      ,7891000234006,,17891000003692,112,HEALTH SCIENCE,77,NUTREN ACTIVE,Nestlé
412341,NUTREN ACTIVE PBIO1 Chocolate 12x400g BR,2106.90.30      ,7891000234105,,17891000003708,112,HEALTH SCIENCE,77,NUTREN ACTIVE,Nestlé
412342,NUTREN ACTIVE PBIO1 Morango 12x400g BR  ,1901.90.90      ,7891000234204,,17891000003715,112,HEALTH SCIENCE,77,NUTREN ACTIVE,Nestlé
412397,NESCAFE TRADICAO Sachet 24X50g XW       ,2101.11.10      ,7891000010860,,17891000008857,118,NESCAFE,125,NESCAFE SACHET,Nestlé
412521,NESTLE Farinha Lactea Trad 24x400g BR   ,1901.10.20      ,7891000252604,,17891000025212,106,CEREAIS FAMILIA,35,FARINHA LACTEA LATA,Nestlé
412681,NESTON Vitamina MrgPB 24x400g BR        ,1104.29.00      ,7891000268100,,17891000026813,106,CEREAIS FAMILIA,41,NESTON VITAMINA LATA,Nestlé
412685,NESTON Vitamina MamaoBM 24x400g BR      ,1104.29.00      ,7891000268506,,17891000026851,106,CEREAIS FAMILIA,41,NESTON VITAMINA LATA,Nestlé
413067,NESCAFE ORIGINAL Sachet 24x50g XW       ,2101.11.10      ,7891000306703,,17891000030674,118,NESCAFE,125,NESCAFE SACHET,Nestlé
413152,NESCAFE Matinal Sachet 24x50g XW        ,2101.11.10      ,7891000315200,,17891000031527,118,NESCAFE,125,NESCAFE SACHET,Nestlé
413288,NESCAFE Com Leite 12x330g N1 BR         ,2101.11.90      ,7891000006290,,17891000005238,118,NESCAFE,124,NESCAFE MIXES,Nestlé
413335,NESTLE CORN FLAKES Cer Mat 20x240g BR   ,1904.10.00      ,7891000002186,,17891000001988,107,CEREAIS MATINAIS,45,DEMAIS CEREAIS MATINAIS,Nestlé
413349,NESFIT Cereal Matinal 20x300g BR        ,1904.10.00      ,7891000001516,,17891000001315,107,CEREAIS MATINAIS,48,NESFIT,Nestlé
413356,MOCA FLAKES Cereal Matinal 20x330g BR   ,1904.10.00      ,7891000006634,,17891000005399,107,CEREAIS MATINAIS,45,DEMAIS CEREAIS MATINAIS,Nestlé
413695,SNOW FLAKES Cereal Matinal 14x620g BR   ,1904.10.00      ,7891000369500,,17891000036959,107,CEREAIS MATINAIS,49,SNOW,Nestlé
414050,SENSACAO Chocolate 12 24x38g  BR        ,1806.31.10      ,7891000405000,7891000405017,17891000040505,108,CHOCOLATES NESTLE,60,TABLETES NESTLE,Nestlé
414057,MOCA Chocolate 12 24x38g  BR            ,1806.31.10      ,7891000405703,7891000405710,17891000040574,108,CHOCOLATES NESTLE,60,TABLETES NESTLE,Nestlé
414216,CHOKITO Chocolate 18 30x32g  BR         ,1806.90.00      ,7891000462300,7891000003299,17891000002930,108,CHOCOLATES NESTLE,54,CANDY BARS NESTLE,Nestlé
414513,NESTLE Choc em Po Soluvel 25x200g XI    ,1806.10.00      ,7891000451304,,17891000045135,108,CHOCOLATES NESTLE,59,POS NESTLE,Nestlé
414602,PRESTIGIO Chocolate 30x33g BR           ,1806.90.00      ,7891000460207,7891000460214,17891000046026,108,CHOCOLATES NESTLE,54,CANDY BARS NESTLE,Nestlé
414649,CHARGE Chocolate 12 30x40g  XW          ,1806.90.00      ,7891000464908,7891000464915,17891000046491,108,CHOCOLATES NESTLE,54,CANDY BARS NESTLE,Nestlé
415012,MAGGI GRIL Tempero 30x120g XW           ,2103.90.21      ,7891000502204,,17891000000080,117,MAGGI,120,TEMPEROS VIDRO,Nestlé
415013,MAGGI Amaciante Car c  Tempero 30x120gBR,3507.90.26      ,7891000502303,,17891000000097,117,MAGGI,120,TEMPEROS VIDRO,Nestlé
415014,MAGGI FONDOR Tempero 30x120g BR         ,2103.90.21      ,7891000502105,,17891000000295,117,MAGGI,120,TEMPEROS VIDRO,Nestlé
415084,MAGGI MEU SEGREDO Temp Gran 42 7x7g BR  ,2103.90.21      ,7891000006689,,17891000005153,117,MAGGI,119,TEMPEROS SACHET,Nestlé
415306,MAGGI Sopa Cebola 12x68g BR             ,2104.10.11      ,7891000530603,7891000530610,17891000053062,117,MAGGI,116,DEMAIS SOPAS,Nestlé
415385,MAGGI Creme Cebola 12x68g BR            ,2104.10.11      ,7891000538500,7891000538517,17891000053857,117,MAGGI,116,DEMAIS SOPAS,Nestlé
415400,MAGGI Sopao Sp Costela 24x200g BR       ,2104.10.11      ,7891000026182,,7891000026199,117,MAGGI,118,SOPAO,Nestlé
415420,NESCAFE Descafeinado Sachet 24x50g BR   ,2101.11.10      ,7891000026403,,7891000026410,118,NESCAFE,125,NESCAFE SACHET,Nestlé
415444,MAGGI Sopa Carne Conchinhas 10x63g BR   ,2104.10.11      ,7891000544402,7891000544419,17891000054441,117,MAGGI,116,DEMAIS SOPAS,Nestlé
415446,MAGGI Sopa Gl Fidelini 12 10x60g BR     ,2104.10.11      ,7891000544600,7891000544617,17891000054465,117,MAGGI,116,DEMAIS SOPAS,Nestlé
415820,MAGGI Sopao Galinha 24x200g BR          ,2104.10.11      ,7891000582008,,17891000058203,117,MAGGI,118,SOPAO,Nestlé
415821,MAGGI Sopao Sp Carne 24x200g BR         ,2104.10.11      ,7891000582107,,17891000058210,117,MAGGI,118,SOPAO,Nestlé
415823,MAGGI SOPaO Sp Canja Galinha 24x200g BR ,2104.10.11      ,7891000582305,,17891000058234,117,MAGGI,118,SOPAO,Nestlé
418897,CALIPSO Biscoito Coberto 40x130g XI     ,1905.31.00      ,7891000889701,,17891000088972,105,BISCOITOS,23,BISCOITOS COBERTOS,Nestlé
419128,PASSATEMPO Biscoito Cob Choc 36x120g XI ,1905.31.00      ,7891000912805,,17891000091286,105,BISCOITOS,23,BISCOITOS COBERTOS,Nestlé
12019398,MAGGITempero e Sabor TemprCar48 10x5g BR,2103.90.21      ,7891000037300,,7891000037317,117,MAGGI,119,TEMPEROS SACHET,Nestlé
12019569,MAGGITempero e Sabor TemprAve48 10x5g BR,2103.90.21      ,7891000037270,,7891000037287,117,MAGGI,119,TEMPEROS SACHET,Nestlé
12019590,MAGGITempero e SaborTemprLeg 48 10x5g BR,2103.90.21      ,7891000037256,,7891000037263,117,MAGGI,119,TEMPEROS SACHET,Nestlé
12028625,NESCAFE ORIGINAL 24x100g BR             ,2101.11.10      ,7891000300503,,17891000030056,118,NESCAFE,126,NESCAFE VIDRO 100G,Nestlé
12029252,NESCAFE TRADICAO 24x100g BR             ,2101.11.10      ,7891000029329,,7891000029336,118,NESCAFE,126,NESCAFE VIDRO 100G,Nestlé
12029565,NESCAFE MATINAL 24x100g BR              ,2101.11.10      ,7891000315507,,17891000031558,118,NESCAFE,126,NESCAFE VIDRO 100G,Nestlé
12039406,NESTLE Papinha Frutas Sortidas 6x120g BR,2104.20.00      ,7891000049105,,7891000048719,102,BABY FOOD,4,ALIMENTOS INFANTIS VIDRO,Nestlé
12039408,NESTLE Papinha Maca e Banana 6x120g BR  ,2104.20.00      ,7891000049112,,7891000048702,102,BABY FOOD,4,ALIMENTOS INFANTIS VIDRO,Nestlé
12039466,NESTLE Papinha Banana c  Aveia 6x120g BR,2104.20.00      ,7891000049020,,7891000048986,102,BABY FOOD,4,ALIMENTOS INFANTIS VIDRO,Nestlé
12039468,NESTLE PapinhaPeitodeFrgLegMaca6x115gBR ,2104.20.00      ,7891000049051,,7891000048757,102,BABY FOOD,4,ALIMENTOS INFANTIS VIDRO,Nestlé
12039469,NESTLE Papinha Car Leg e Mand 6x115g BR ,2104.20.00      ,7891000049068,,7891000048740,102,BABY FOOD,4,ALIMENTOS INFANTIS VIDRO,Nestlé
12039537,NESTLE Papinha PedCarArrozCdoFei6x170gBR,2104.20.00      ,7891000049235,,7891000048931,102,BABY FOOD,4,ALIMENTOS INFANTIS VIDRO,Nestlé
12039538,NESTLE PapinhaPedCarMacarraoLeg 6x170gBR,2104.20.00      ,7891000049259,,7891000048979,102,BABY FOOD,4,ALIMENTOS INFANTIS VIDRO,Nestlé
12039539,NESTLE Papinha CdoFeijaoLegBetr 6x115gBR,2104.20.00      ,7891000049266,,7891000048948,102,BABY FOOD,4,ALIMENTOS INFANTIS VIDRO,Nestlé
12039550,NESTLE Papinha Carne c  Legumes 6x115gBR,2104.20.00      ,7891000049273,,7891000048962,102,BABY FOOD,4,ALIMENTOS INFANTIS VIDRO,Nestlé
12039551,NESTLE Papinha PedCarneLegumes 6x170g BR,2104.20.00      ,7891000049280,,7891000048788,102,BABY FOOD,4,ALIMENTOS INFANTIS VIDRO,Nestlé
12039555,NESTLE PapPed PeitodeFrango Leg 6x170gBR,2104.20.00      ,7891000049242,,7891000048771,102,BABY FOOD,4,ALIMENTOS INFANTIS VIDRO,Nestlé
12039557,NESTLE Papinha Ameixa 6x120g BR         ,2104.20.00      ,7891000049181,,7891000048795,102,BABY FOOD,4,ALIMENTOS INFANTIS VIDRO,Nestlé
12039566,NESTLE Papinha Car Leg Macarrao 6x115gBR,2104.20.00      ,7891000049099,,7891000048924,102,BABY FOOD,4,ALIMENTOS INFANTIS VIDRO,Nestlé
12041117,MAGGI Sopao Galinha Caipira 24x200g BR  ,2104.10.11      ,7891000049891,,7891000049907,117,MAGGI,118,SOPAO,Nestlé
12045051,PASSATEMPO Biscoito Leite 54x150g BR    ,1905.31.00      ,7891000051436,,7891000051443,105,BISCOITOS,32,PASSATEMPO BISCOITOS SECOS & DOCES,Nestlé
12045053,NESCAU ACTIGEN-E Achoc Po Light30x400gBR,1806.90.00EX01  ,7891000051474,,7891000051481,104,BEBIDAS POS,16,NESCAU LATA 2.0 400G,Nestlé
12048678,NESCAU 2.0 ACTIGEN-E Achoc Po 30x400g BR,1806.90.00EX01  ,7891000053508,,7891000053515,104,BEBIDAS POS,16,NESCAU LATA 2.0 400G,Nestlé
12071333,NESCAU 2.0 ACTIGEN-E Achoc Po 48x200g BR,1806.90.00EX01  ,7891000061190,,7891000061206,104,BEBIDAS POS,15,NESCAU LATA 2.0 200G,Nestlé
12089917,NESTLE Papinha Mamao c  Laranja 6x120gBR,2104.20.00      ,7891000064870,,7891000064887,102,BABY FOOD,4,ALIMENTOS INFANTIS VIDRO,Nestlé
12091059,MOCA Leite Cond Trdl Caixinha 27x395g BR,0402.99.00      ,7891000065440,,7891000065457,114,LEITES CULINARIOS,100,MOCA CAIXINHA,Nestlé
12094297,PRE NAN B NW026-1-S 12x400g BR          ,0402.21.10      ,7616100342914,,8717405008693,111,FORMULAS INFANTIS,74,FORMULAS ESPECIAIS,Nestlé
12096242,NESCAU 2.0 ACTGE AchocPoSachet 12x800gBR,1806.90.00EX01  ,7891000067178,,7891000067185,104,BEBIDAS POS,20,NESCAU SACHET 2.0 800G,Nestlé
12096838,MAGGI TEMPSAB FeijaoOvoArroz 48 10x5g BR,2103.90.21      ,7891000066898,,7891000066904,117,MAGGI,119,TEMPEROS SACHET,Nestlé
12097176,ALPINO Bebida Garrafa Plas 4 6x280ml  BR,2202.99.00EX01  ,7891000067048,7891000067055,7891000067062,110,FAST,69,ACHOC. PET REGULAR,Nestlé
12105484,MUCILON BL Multicereais Sachet 12x230gBR,1901.10.30      ,7891000035634,,7891000035641,102,BABY FOOD,8,MUCILON TRAD SACHET,Nestlé
12105485,MUCILON BL Arroz Sachet 12x230g BR      ,1901.10.30      ,7891000012109,,7891000012116,102,BABY FOOD,8,MUCILON TRAD SACHET,Nestlé
12105544,MUCILON BL Arroz Aveia Sachet 12x230g BR,1901.10.30      ,7891000035610,,7891000035627,102,BABY FOOD,8,MUCILON TRAD SACHET,Nestlé
12105545,MUCILON BL Multicereais Lata 18x400g BR ,1901.10.30      ,7891000035832,,7891000035849,102,BABY FOOD,7,MUCILON TRAD LATA,Nestlé
12105548,MUCILON BL Milho Lata 18x400g BR        ,1901.10.30      ,7891000011294,,17891000009250,102,BABY FOOD,7,MUCILON TRAD LATA,Nestlé
12105550,MUCILON BL Arroz Lata 18x400g BR        ,1901.10.30      ,7891000011287,,17891000009243,102,BABY FOOD,7,MUCILON TRAD LATA,Nestlé
12106029,SNOW FLAKES CerMat Sachet 12 16x30g  BR ,1904.10.00      ,7891000368503,7891000069257,7891000069264,107,CEREAIS MATINAIS,43,CEREAIS MATINAIS SACHET,Nestlé
12106033,NESCAU Cer Matinal Sachet 12 16x30g  BR ,1904.10.00      ,7891000367506,7891000069271,7891000069288,107,CEREAIS MATINAIS,43,CEREAIS MATINAIS SACHET,Nestlé
12106220,MUCILON BL Milho Sachet 12x230g BR      ,1901.10.30      ,7891000012123,,7891000012130,102,BABY FOOD,8,MUCILON TRAD SACHET,Nestlé
12106251,MUCILON BL Arroz Aveia Lata 18x400g BR  ,1901.10.30      ,7891000040898,,7891000040904,102,BABY FOOD,7,MUCILON TRAD LATA,Nestlé
12111210,NINHO Lepo Integral Sachet 12x800g BR   ,0402.21.10      ,7891000070765,,7891000070772,113,LEITE EM PO,96,NINHO TRAD/INST SACHET,Nestlé
12112568,NINHO Leite em Po Instantaneo 12x800g BR,0402.21.10      ,7891000071397,,7891000071403,113,LEITE EM PO,96,NINHO TRAD/INST SACHET,Nestlé
12119720,CRUNCH Cereal Matinal 20x330g BR        ,1904.10.00      ,7891000072899,,7891000072905,107,CEREAIS MATINAIS,45,DEMAIS CEREAIS MATINAIS,Nestlé
12127625,MUCILON BL Arroz e Aveia Sachet 9x600gBR,1901.10.30      ,7891000073100,,7891000073117,102,BABY FOOD,8,MUCILON TRAD SACHET,Nestlé
12131230,BONO Bisc Recheado Morango 63x140g BR   ,1905.31.00      ,7891000018774,,7891000076545,105,BISCOITOS,25,BISCOITOS DEMAIS RECHEADOS,Nestlé
12131234,BONO Bisc Recheado Chocolate 63x140g BR ,1905.31.00      ,7891000018750,,7891000076538,105,BISCOITOS,25,BISCOITOS DEMAIS RECHEADOS,Nestlé
12131235,NEGRESCO Biscoito Recheado 63x140g BR   ,1905.31.00      ,7891000023808,,7891000076552,105,BISCOITOS,25,BISCOITOS DEMAIS RECHEADOS,Nestlé
12131861,NESCAU 2.0 ACTGE Achoc Po 30x400gPRRotBR,1806.90.00EX01  ,7891000053508,,7891000053515,104,BEBIDAS POS,16,NESCAU LATA 2.0 400G,Nestlé
12136357,PRESTIGIO Wafer 48x110g BR              ,1905.32.00      ,7891000077924,,7891000077931,105,BISCOITOS,26,BISCOITOS WAFER,Nestlé
12136358,CLASSIC Wafer 48x110g BR                ,1905.32.00      ,7891000077948,,7891000077955,105,BISCOITOS,26,BISCOITOS WAFER,Nestlé
12136359,NEGRESCO Wafer 48x110g BR               ,1905.32.00      ,7891000077962,,7891000077979,105,BISCOITOS,26,BISCOITOS WAFER,Nestlé
12138557,NESTLE Farinha Lactea Trdl Sac 9x600g BR,1901.10.20      ,7891000078518,,7891000078525,106,CEREAIS FAMILIA,36,FARINHA LACTEA SACHET,Nestlé
12142466,NAN COMFOR 1 Formula Infantil 12x400g BR,1901.10.10      ,7891000065389,,7891000065396,111,FORMULAS INFANTIS,70,FAMILIA NAN COMFOR,Nestlé
12146794,PASSATEMPO Mini Wfr Mrg 16 28x20g  BR   ,1905.32.00      ,7891000081211,7891000081228,7891000081235,105,BISCOITOS,26,BISCOITOS WAFER,Nestlé
12146795,PASSATEMPO MiniWfrChoc 16 28x20g BR     ,1905.32.00      ,7891000081242,7891000081259,7891000081266,105,BISCOITOS,26,BISCOITOS WAFER,Nestlé
12150285,NESCAU ACTIGEN-E Bebida Lactea 12x1L BR ,2202.99.00EX01  ,7891000081501,,7891000081518,101,ACHOCOLATADOS RTD,1,RTD 1L,Nestlé
12162314,NESTON 3 Cereais 18x400g N1 BR          ,1104.29.00      ,7891000011300,,17891000009267,106,CEREAIS FAMILIA,39,NESTON 3C LATA,Nestlé
12171055,MUCILON BL Multicereais Sachet 9x600g BR,1901.10.30      ,7891000086131,,7891000086148,102,BABY FOOD,8,MUCILON TRAD SACHET,Nestlé
12171594,BONO Biscoito Recheado Ddl 63x140g BR   ,1905.31.00      ,7891000086193,,7891000086209,105,BISCOITOS,25,BISCOITOS DEMAIS RECHEADOS,Nestlé
12171631,NEGRESCO BiscRecheadoChocolate 63x140gBR,1905.31.00      ,7891000086216,,7891000086223,105,BISCOITOS,25,BISCOITOS DEMAIS RECHEADOS,Nestlé
12173473,NESTLE NAN SOY 6x800g BR                ,2106.90.90      ,50000298723,,50000688746,111,FORMULAS INFANTIS,74,FORMULAS ESPECIAIS,Nestlé
12174148,NESTLE PapCrmdeMho e PeitodeFrg 6x170gBR,2104.20.00      ,7891000087213,,7891000087220,102,BABY FOOD,4,ALIMENTOS INFANTIS VIDRO,Nestlé
12174456,MOCA Brigadeiro 6x385g BR               ,1901.90.90      ,7891000155806,,7891000087299,114,LEITES CULINARIOS,102,MOCA DOCERIA,Nestlé
12174457,MOCA Beijinho 6x365g BR                 ,1901.90.90      ,7891000155905,,7891000087312,114,LEITES CULINARIOS,102,MOCA DOCERIA,Nestlé
12174458,MOCA Chocolate Cremoso 6x380g BR        ,1901.90.90      ,7891000156209,,7891000087336,114,LEITES CULINARIOS,102,MOCA DOCERIA,Nestlé
12177187,NUTREN KIDS Baunilha 12x350g BR         ,2106.90.30      ,7891000087794,,7891000087800,112,HEALTH SCIENCE,79,NUTREN KIDS,Nestlé
12177188,NUTREN KIDS Chocolate 12x350gBR         ,2106.90.30      ,7891000087817,,7891000087824,112,HEALTH SCIENCE,79,NUTREN KIDS,Nestlé
12182407,CLASSIC Biscoito Recheado 60x140g BR    ,1905.31.00      ,7891000089194,,7891000089200,105,BISCOITOS,25,BISCOITOS DEMAIS RECHEADOS,Nestlé
12182408,NESCAU Biscoito Recheado 60x140g BR     ,1905.31.00      ,7891000089279,,7891000089286,105,BISCOITOS,25,BISCOITOS DEMAIS RECHEADOS,Nestlé
12182409,MOCA Biscoito Recheado 60x140g BR       ,1905.31.00      ,7891000089255,,7891000089262,105,BISCOITOS,25,BISCOITOS DEMAIS RECHEADOS,Nestlé
12182430,PRESTIGIO Biscoito Recheado 60x140g BR  ,1905.31.00      ,7891000089231,,7891000089248,105,BISCOITOS,25,BISCOITOS DEMAIS RECHEADOS,Nestlé
12184717,NESFIT Biscoito Cacau e Cereais44x200gBR,1905.31.00      ,7891000089798,,7891000089804,105,BISCOITOS,29,NESFIT BISCOITOS SECOS & DOCES,Nestlé
12185062,NESFIT Biscoito Mrg e Cereais 44x200g BR,1905.31.00      ,7891000089859,,7891000089866,105,BISCOITOS,29,NESFIT BISCOITOS SECOS & DOCES,Nestlé
12185378,NUTREN KIDS Morango 12x350g BR          ,2106.90.30      ,7891000089873,,7891000089880,112,HEALTH SCIENCE,79,NUTREN KIDS,Nestlé
12187083,NESTON Bebida Garrafa Plas 4 6x280ml  BR,2202.99.00      ,7891000090732,7891000095751,7891000090046,110,FAST,69,ACHOC. PET REGULAR,Nestlé
12190998,NUTREN 1.0 ACB008-2 12x400g N5 BR       ,2106.90.90      ,7613032993528,,7613033864711,112,HEALTH SCIENCE,75,DEMAIS HCN,Nestlé
12193058,NUTREN JUNIOR ACB002E-1 12x400g N5 BR   ,2106.90.90      ,7610100008962,,7613033901683,112,HEALTH SCIENCE,75,DEMAIS HCN,Nestlé
12196210,LOLLO Chocolate 12 30x28g  BR           ,1806.90.00      ,7891000092606,7891000092613,7891000092620,108,CHOCOLATES NESTLE,54,CANDY BARS NESTLE,Nestlé
12201088,NAN AR Formula Infantil 12x400g N1 BR   ,1901.10.10      ,7891000053232,,7891000053249,111,FORMULAS INFANTIS,74,FORMULAS ESPECIAIS,Nestlé
12203108,NESFIT Biscoito Leite e Mel 44x200g BR  ,1905.31.00      ,7891000919705,,7891000076576,105,BISCOITOS,29,NESFIT BISCOITOS SECOS & DOCES,Nestlé
12203109,NESFIT Biscoito Aveia e Mel 44x200g BR  ,1905.31.00      ,7891000913000,,7891000076569,105,BISCOITOS,29,NESFIT BISCOITOS SECOS & DOCES,Nestlé
12203160,NESFIT Bisc Salgado Integral 50x170g BR ,1905.31.00      ,7891000060407,,7891000060414,105,BISCOITOS,28,NESFIT BISCOITOS SALGADOS,Nestlé
12203162,NESFITBiscSalgadoIntegrGergelim50x170gBR,1905.31.00      ,7891000060421,,7891000060438,105,BISCOITOS,28,NESFIT BISCOITOS SALGADOS,Nestlé
12209006,NAN HA NWH202 12x400g BR                ,0402.21.10      ,4005500073727,,4005500073703,111,FORMULAS INFANTIS,74,FORMULAS ESPECIAIS,Nestlé
12217612,NUTREN SENIOR Po 12x370g BR             ,2106.90.90      ,7891000096482,,7891000096499,112,HEALTH SCIENCE,81,NUTREN SENIOR,Nestlé
12220509,MOCA Morango 6x395g BR                  ,0402.99.00      ,7891000096987,,7891000096994,114,LEITES CULINARIOS,102,MOCA DOCERIA,Nestlé
12220550,MOCA Chocolate Branco 6x395g BR         ,0402.99.00      ,7891000096963,,7891000096970,114,LEITES CULINARIOS,102,MOCA DOCERIA,Nestlé
12223291,MAGGI Sopao Carne Panela 24x200g BR     ,2104.10.11      ,7891000097694,,7891000097700,117,MAGGI,118,SOPAO,Nestlé
12227748,CLASSIC Diet Chocolate 12 22x25g  BR    ,1806.32.10      ,7891000098844,7891000098851,7891000098868,108,CHOCOLATES NESTLE,60,TABLETES NESTLE,Nestlé
12228413,NESTON 3 Cereais Sachet 12x210g BR      ,1104.29.00      ,7891000098950,,7891000098967,106,CEREAIS FAMILIA,40,NESTON 3C SACHET,Nestlé
12228529,NESTLE Farlact Trdl Sachet 24x210g BR   ,1901.10.20      ,7891000099032,,7891000099049,106,CEREAIS FAMILIA,36,FARINHA LACTEA SACHET,Nestlé
12233310,NESFIT Biscoito Coco 44x200g BR         ,1905.31.00      ,7891000100233,,7891000100240,105,BISCOITOS,29,NESFIT BISCOITOS SECOS & DOCES,Nestlé
12234477,NESCAU Cereal Matinal 14x770g BR        ,1904.10.00      ,7891000100448,,7891000100455,107,CEREAIS MATINAIS,47,NESCAU CEREAL,Nestlé
12237906,SNOW FLAKES Cereal Matinal 20x300g BR   ,1904.10.00      ,7891000100721,,7891000100738,107,CEREAIS MATINAIS,49,SNOW,Nestlé
12240800,MOLICO LepoDesnSac TotalCalcio 12x500gBR,0402.21.20      ,7891000101520,,7891000101537,113,LEITE EM PO,86,MOLICO SACHET,Nestlé
12240801,MOLICO Lepo Desn Total Calcio 24x280g BR,0402.21.20      ,7891000101506,,7891000101513,113,LEITE EM PO,84,MOLICO LATA,Nestlé
12241562,NESTON Vitamina Mamao Bna Mc 24x210g BR ,1104.29.00      ,7891000101674,,7891000101681,106,CEREAIS FAMILIA,42,NESTON VITAMINA SACHET,Nestlé
12242943,NESCAU Bebida Garrafa Plas 4 6x270ml  BR,2202.99.00EX01  ,7891000101926,7891000101933,7891000101940,110,FAST,69,ACHOC. PET REGULAR,Nestlé
12243344,MOCA LeiCondTradlLataAbreFacil 48x395gBR,0402.99.00      ,7891000100103,,17891000010010,114,LEITES CULINARIOS,104,MOCA LATA,Nestlé
12245294,MAGGI Base Ervas Finas 15x25g BR        ,2103.90.21      ,7891000102299,,7891000102329,117,MAGGI,119,TEMPEROS SACHET,Nestlé
12245295,MAGGI Base Galinha Caipira 15x25g BR    ,2103.90.21      ,7891000102336,,7891000102343,117,MAGGI,119,TEMPEROS SACHET,Nestlé
12246308,NESTLE Aveia Flocos 28x170g BR          ,1104.12.00      ,7891000102640,,7891000102657,106,CEREAIS FAMILIA,38,NESTLE AVEIA REGULAR,Nestlé
12246309,NESTLE Aveia Flocos Finos 28x170g BR    ,1104.12.00      ,7891000102626,,7891000102633,106,CEREAIS FAMILIA,38,NESTLE AVEIA REGULAR,Nestlé
12248107,NUTREN SENIOR Po 6x740g BR              ,2106.90.90      ,7891000103487,,7891000103494,112,HEALTH SCIENCE,81,NUTREN SENIOR,Nestlé
12248831,MAGGI Base Crocante Requeijao 8x60g BR  ,2103.90.21      ,7891000103890,,7891000103906,117,MAGGI,119,TEMPEROS SACHET,Nestlé
12250611,NESQUIK Morango 24x380g BR              ,1702.90.00      ,7891000104101,,7891000104118,104,BEBIDAS POS,22,NESQUIK,Nestlé
12250938,NESFIT Biscoito Integral 36 6x21g  BR   ,1905.31.00      ,7891000068298,7891000068458,7891000068304,105,BISCOITOS,28,NESFIT BISCOITOS SALGADOS,Nestlé
12250939,NESFIT Bisc Multi Cereais 36 6x21g  BR  ,1905.31.00      ,7891000068311,7891000068441,7891000068328,105,BISCOITOS,28,NESFIT BISCOITOS SALGADOS,Nestlé
12250980,NESFIT Bisc Mix de Gergelim 36 6x21g  BR,1905.31.00      ,7891000104224,7891000104231,7891000104248,105,BISCOITOS,28,NESFIT BISCOITOS SALGADOS,Nestlé
12258001,NAN SL DS103-S 12x400g BR               ,1901.10.90      ,7613034909480,,7613034909497,111,FORMULAS INFANTIS,74,FORMULAS ESPECIAIS,Nestlé
12265912,ALFAMINO ACS001-1 6x400g BR             ,2106.90.90      ,7613033891298,,7613033891304,112,HEALTH SCIENCE,75,DEMAIS HCN,Nestlé
12266902,MOCA Leite Condensado Light 48x410g BR  ,0402.99.00      ,7891000107041,,7891000107058,114,LEITES CULINARIOS,103,MOCA ESPECIAIS,Nestlé
12267784,SURPRESA Carros Ovo de Pascoa 15x150g BR,1806.90.00      ,7891000107355,,7891000107362,119,PASCOA,131,OVOS DE PASCOA NESTLE,Nestlé
12272048,ALPINO Chocolate Leite 12 18x25g  BR    ,1806.32.10      ,7891000107638,7891000107645,7891000107652,108,CHOCOLATES NESTLE,60,TABLETES NESTLE,Nestlé
12272049,CLASSIC Chocolate Leite 12 18x25g  BR   ,1806.32.10      ,7891000107669,7891000107676,7891000107683,108,CHOCOLATES NESTLE,60,TABLETES NESTLE,Nestlé
12272157,CRUNCH Chocolate 12 18x22 5g  BR        ,1806.32.10      ,7891000107713,7891000107720,7891000107737,108,CHOCOLATES NESTLE,60,TABLETES NESTLE,Nestlé
12272482,SUFLAIR Chocolate Leite 12 20x50g  BR   ,1806.32.10      ,7891000107836,7891000107843,7891000107850,108,CHOCOLATES NESTLE,60,TABLETES NESTLE,Nestlé
12272483,SUFLAIR Chocolate Duo 4 12x110g  BR     ,1806.32.10      ,7891000107805,7891000107812,7891000107829,108,CHOCOLATES NESTLE,56,JUMBOS NESTLE,Nestlé
12272485,SUFLAIR Chocolate ao Leite 4 12x110g  BR,1806.32.10      ,7891000107744,7891000107751,7891000107768,108,CHOCOLATES NESTLE,56,JUMBOS NESTLE,Nestlé
12275501,NESC DLC GST EspRistArdenza16Cap3x112gXQ,0901.21.00      ,7613035177611,,7613035177628,109,DOLCE GUSTO,63,16 CAPS IMPULSO,Nestlé
12278536,PASSATEMPO Cookie Gotas Choc 52x60g BR  ,1905.31.00      ,7891000109298,,7891000109304,105,BISCOITOS,24,BISCOITOS COOKIES,Nestlé
12279212,NESFIT Bebida de Aveia Integral 12x1L BR,2202.99.00      ,7891000109670,,7891000109687,103,BEBIDAS NESFIT,10,NESFIT 1L,Nestlé
12279213,NESFIT Bebida de Arroz Integral 12x1L BR,2202.99.00      ,7891000109694,,7891000109700,103,BEBIDAS NESFIT,10,NESFIT 1L,Nestlé
12279215,NESTLE FarinhaLactea Multigraos24x380gBR,1901.10.20      ,7891000109717,,7891000109724,106,CEREAIS FAMILIA,35,FARINHA LACTEA LATA,Nestlé
12280410,NESFIT Bisc Cacau e Cereais 55x120g BR  ,1905.31.00      ,7891000109861,,7891000109878,105,BISCOITOS,29,NESFIT BISCOITOS SECOS & DOCES,Nestlé
12280693,NINHO Po Zero Lactose 24x380g BR        ,1901.10.10      ,7891000109908,,7891000109915,113,LEITE EM PO,97,NINHO ZERO LATA,Nestlé
12281886,NAN COMFOR 1 Formula Infantil 6x800gN1BR,1901.10.10      ,7891000071625,,7891000071632,111,FORMULAS INFANTIS,70,FAMILIA NAN COMFOR,Nestlé
12281888,NAN COMFOR 3 Formula Infantil 6x800gN2BR,1901.10.10      ,7891000097649,,7891000097656,111,FORMULAS INFANTIS,70,FAMILIA NAN COMFOR,Nestlé
12281889,NAN COMFOR 2 Formula Infantil 6x800gN3BR,1901.10.10      ,7891000079515,,7891000079522,111,FORMULAS INFANTIS,70,FAMILIA NAN COMFOR,Nestlé
12282735,NESC DLCGST Crtd EspMac 16Cap3x100 8g BR,2101.12.00      ,7613032396350,,7613033135453,109,DOLCE GUSTO,64,16 CAPS TODO DIA,Nestlé
12282869,NESCAFE DLC GST Esp Inso 16Cap3x128gN1BR,0901.21.00      ,7613031526406,,7613031529681,109,DOLCE GUSTO,64,16 CAPS TODO DIA,Nestlé
12282903,NESC DLC GST CafeAuLait 16Cap 3x160g BR ,2101.12.00      ,7613033174728,,7613033174735,109,DOLCE GUSTO,64,16 CAPS TODO DIA,Nestlé
12283164,NESCAFE DLC GST Espresso 16Cap 3x96g BR ,0901.21.00      ,7501059273252,,17501059273259,109,DOLCE GUSTO,64,16 CAPS TODO DIA,Nestlé
12283202,NESCAFE DLC GST Chococino 16Cap 3x270gBR,1806.90.00EX01  ,7501059273283,,17501059273280,109,DOLCE GUSTO,63,16 CAPS IMPULSO,Nestlé
12290967,NESCAFE BebidaGarrafa Plas 4 6x270ml  BR,2202.99.00EX01  ,7891000110829,7891000110836,7891000110843,110,FAST,69,ACHOC. PET REGULAR,Nestlé
12300627,NESLAC Composto Lacteo 6x800g N1 BR     ,1901.10.10      ,7891000106099,,7891000106105,115,LEITES DE CRESCIMENTO,105,NESLAC COMFOR,Nestlé
12301285,NINHO 3  PBIO3 Fases Lepo 24x400g N3 BR ,1901.10.10      ,7891000003404,,17891000003142,115,LEITES DE CRESCIMENTO,108,NINHO FASES 400G,Nestlé
12301288,NINHO 1  PBIO1 Fases Lepo 24x400g N3 BR ,1901.10.10      ,7891000001080,,17891000000950,115,LEITES DE CRESCIMENTO,108,NINHO FASES 400G,Nestlé
12302037,NINHO 1  PREBIO 1 Fases Lepo 6x800g N2BR,1901.10.10      ,7891000062661,,7891000062678,115,LEITES DE CRESCIMENTO,109,NINHO FASES 800G,Nestlé
12302061,NESC DLC GST Esp Barista 16Cap 3x120g BR,0901.21.00      ,7613033026720,,7613033026737,109,DOLCE GUSTO,63,16 CAPS IMPULSO,Nestlé
12302066,NESC DOLCE GUSTO Capp 16Cap 3x200g BR   ,2101.12.00      ,7501059273276,,17501059273273,109,DOLCE GUSTO,63,16 CAPS IMPULSO,Nestlé
12303027,MUCILON BL Ameixa e Aveia 12x180g BR    ,1901.10.30      ,7891000113295,,7891000113301,102,BABY FOOD,8,MUCILON TRAD SACHET,Nestlé
12304359,NESTOGENO 2 Formula Infantil 6x800g N2BR,1901.10.10      ,7891000062760,,7891000062777,111,FORMULAS INFANTIS,73,FAMILIA NESTOGENO,Nestlé
12304440,NESTOGENO 2 Formula Infantil 12x400gN2BR,1901.10.10      ,7891000056615,,7891000056622,111,FORMULAS INFANTIS,73,FAMILIA NESTOGENO,Nestlé
12304441,NESTOGENO 1 Formula Infantil 6x800g N2BR,1901.10.10      ,7891000062722,,7891000062739,111,FORMULAS INFANTIS,73,FAMILIA NESTOGENO,Nestlé
12304442,NESTOGENO 1 Formula Infantil 12x400gN2BR,1901.10.10      ,7891000056523,,7891000056530,111,FORMULAS INFANTIS,73,FAMILIA NESTOGENO,Nestlé
12307592,NESFIT Cereal Matinal Sachet 20x120g BR ,1904.10.00      ,7891000114926,,7891000114933,107,CEREAIS MATINAIS,43,CEREAIS MATINAIS SACHET,Nestlé
12307594,MOCA FLAKES Cereal Mat Sachet 20x120g BR,1904.10.00      ,7891000050927,,7891000116111,107,CEREAIS MATINAIS,43,CEREAIS MATINAIS SACHET,Nestlé
12307595,NESCAU Cereal Matinal Sachet 20x120g BR ,1904.10.00      ,7891000070673,,7891000116104,107,CEREAIS MATINAIS,43,CEREAIS MATINAIS SACHET,Nestlé
12307596,SNOW FLAKES Cer Mat sachet 20x120g BR   ,1904.10.00      ,7891000050880,,7891000116128,107,CEREAIS MATINAIS,43,CEREAIS MATINAIS SACHET,Nestlé
12309231,MAGGI Base Crocante Cebola 8x60g BR     ,2103.90.21      ,7891000116081,,7891000116227,117,MAGGI,119,TEMPEROS SACHET,Nestlé
12309307,MAGGI Base Limao 15x25g BR              ,2103.90.21      ,7891000116098,,7891000116241,117,MAGGI,119,TEMPEROS SACHET,Nestlé
12310647,NESCAU2.0AchocPo12 700 100 gPR100gGrtsBR,1806.90.00EX01  ,7891000116333,,7891000116340,104,BEBIDAS POS,20,NESCAU SACHET 2.0 800G,Nestlé
12314062,NESCAU ACTGE BLactea 3 9x200ml  PRL9P8BR,2202.99.00EX01  ,7891000117675,,7891000117682,101,ACHOCOLATADOS RTD,3,RTD 200ML REGULAR,Nestlé
12316706,PRESTIGIO Dark Chocolate 18 30x33g  BR  ,1806.90.00      ,7891000118580,7891000118597,7891000118603,108,CHOCOLATES NESTLE,54,CANDY BARS NESTLE,Nestlé
12316709,NESFIT Bisc Laranja e Cenoura 44x200g BR,1905.31.00      ,7891000118610,,7891000118627,105,BISCOITOS,29,NESFIT BISCOITOS SECOS & DOCES,Nestlé
12317425,NESFIT Bisc Banana Ava e Canl 44x200g BR,1905.31.00      ,7891000118818,,7891000118825,105,BISCOITOS,29,NESFIT BISCOITOS SECOS & DOCES,Nestlé
12318313,NESCAFE DLC GST Nescau 16Cap 3x272g BR  ,1806.90.00EX01  ,7891000118924,,7891000118931,109,DOLCE GUSTO,63,16 CAPS IMPULSO,Nestlé
12318444,NESCAU 3.0 ACT-GO Achoc Po 30x380g BR   ,1806.90.00EX01  ,7891000118962,,7891000118979,104,BEBIDAS POS,17,NESCAU LATA 3.0 380G,Nestlé
12319056,NESC DLC GST Caffe Matinal 16Cap3x144gBR,0901.21.00      ,7613033279461,,7613033279478,109,DOLCE GUSTO,64,16 CAPS TODO DIA,Nestlé
12320356,NESTLE Papinha Picadinho Carne 6x170gBR ,2104.20.00      ,7891000119532,,7891000119549,102,BABY FOOD,4,ALIMENTOS INFANTIS VIDRO,Nestlé
12320415,NESTLE Papinha StrogonofeArroz 6x170g BR,2104.20.00      ,7891000119600,,7891000119617,102,BABY FOOD,4,ALIMENTOS INFANTIS VIDRO,Nestlé
12320416,NESTLE Papinha Risotinho Frango 6x170gBR,2104.20.00      ,7891000119563,,7891000119570,102,BABY FOOD,4,ALIMENTOS INFANTIS VIDRO,Nestlé
12320417,NESTLE Papinha EspaguetinhoBlns 6x170gBR,2104.20.00      ,7891000119587,,7891000119594,102,BABY FOOD,4,ALIMENTOS INFANTIS VIDRO,Nestlé
12320988,NESTLE FarLact Multigraos 24x200g BR    ,1901.10.20      ,7891000119891,,7891000119907,106,CEREAIS FAMILIA,36,FARINHA LACTEA SACHET,Nestlé
12321081,NESFIT Bisc Cacau e Cereais 48 4x22g  BR,1905.31.00      ,7891000119808,7891000119815,7891000119822,105,BISCOITOS,29,NESFIT BISCOITOS SECOS & DOCES,Nestlé
12321253,NESLAC SUPREME CompostoLacteo 6x800g BR ,1901.10.10      ,7891000119976,,7891000119983,115,LEITES DE CRESCIMENTO,106,NESLAC SUPREME,Nestlé
12321616,NESTLE Cacau em Po Soluvel 25x200g BR   ,1805.00.00      ,7891000120095,,7891000120330,108,CHOCOLATES NESTLE,59,POS NESTLE,Nestlé
12321617,NESFIT Bisc Banana Av e Can 48 4x22g  BR,1905.31.00      ,7891000120026,7891000120033,7891000120040,105,BISCOITOS,29,NESFIT BISCOITOS SECOS & DOCES,Nestlé
12321871,NESFIT Bisc Mrg e Cereais 48 4x22g  BR  ,1905.31.00      ,7891000120118,7891000120125,7891000120132,105,BISCOITOS,29,NESFIT BISCOITOS SECOS & DOCES,Nestlé
12322018,CHEERIOS HONEY Cer Matinal 20x270g BR   ,1904.10.00      ,7891000120149,,7891000120156,107,CEREAIS MATINAIS,44,CHEERIOS,Nestlé
12323195,NAN SUPREME 1 NWHP306 6x800g BR         ,1901.10.10      ,7613034968364,,7613034968371,111,FORMULAS INFANTIS,72,FAMILIA NAN SUPREME,Nestlé
12323196,NAN SUPREME 1 NWHP306 12x400g BR        ,1901.10.10      ,7613034431561,,7613034431578,111,FORMULAS INFANTIS,72,FAMILIA NAN SUPREME,Nestlé
12323197,NAN SUPREME 2 LWHP205-1 6x800g BR       ,1901.10.10      ,7613034968388,,7613034968395,111,FORMULAS INFANTIS,72,FAMILIA NAN SUPREME,Nestlé
12323531,NUTREN SENIOR Cafe com Leite 12x370gBR  ,1901.90.90      ,7891000120606,,7891000120613,112,HEALTH SCIENCE,81,NUTREN SENIOR,Nestlé
12325104,PASSATEMPO Bisc Recheado Mrg 70x130g BR ,1905.31.00      ,7891000241295,,7891000241301,105,BISCOITOS,31,PASSATEMPO BISCOITOS RECHEADOS,Nestlé
12325231,PASSATEMPO Bisc Recheado Choc 70x130g BR,1905.31.00      ,7891000241356,,7891000241363,105,BISCOITOS,31,PASSATEMPO BISCOITOS RECHEADOS,Nestlé
12325232,PASSATEMPO Bisc Recheado Leite 70x130gBR,1905.31.00      ,7891000241370,,7891000241387,105,BISCOITOS,31,PASSATEMPO BISCOITOS RECHEADOS,Nestlé
12326383,NUTREN SENIOR Po Baunilha 12x370g BR    ,1901.90.90      ,7891000241547,,7891000240137,112,HEALTH SCIENCE,81,NUTREN SENIOR,Nestlé
12326860,MOCA de Colher 48x395g BR               ,0402.99.00      ,7891000241776,,7891000241783,114,LEITES CULINARIOS,103,MOCA ESPECIAIS,Nestlé
12329921,MAGGI Caldo Galinha Tira 35 24x19g  BR  ,2104.10.11      ,7891000242483,7891000242506,7891000242490,117,MAGGI,115,CALDOS,Nestlé
12329922,MAGGI Caldo Carne Tira 35 24x19g  BR    ,2104.10.11      ,7891000242452,7891000242469,7891000242476,117,MAGGI,115,CALDOS,Nestlé
12330456,MAGGI Natusabor Alho e Ceb 60 8x5g BR   ,2103.90.21      ,7891000242636,,7891000242643,117,MAGGI,119,TEMPEROS SACHET,Nestlé
12330458,MAGGI Natusabor Tomate e Erv 60 8x5g BR ,2103.90.21      ,7891000242612,,7891000242629,117,MAGGI,119,TEMPEROS SACHET,Nestlé
12330918,MAGGINatusabor SalsCboleOrgn 60 8x5g BR ,2103.90.21      ,7891000242735,,7891000242742,117,MAGGI,119,TEMPEROS SACHET,Nestlé
12331540,NUTREN SENIOR Po Chocolate 12x370g BR   ,2106.90.30      ,7891000243015,,7891000243022,112,HEALTH SCIENCE,81,NUTREN SENIOR,Nestlé
12340089,NEGRESCO Cookie Choc Gotas Baun 52x60gBR,1905.31.00      ,7891000247624,,7891000247631,105,BISCOITOS,24,BISCOITOS COOKIES,Nestlé
12340110,CLASSIC Cookie Choc Gotas Choc 52x60gBR ,1905.31.00      ,7891000247648,,7891000247655,105,BISCOITOS,24,BISCOITOS COOKIES,Nestlé
12341327,GALAK Chocolate Branco 12 18x20g  BR    ,1704.90.10      ,7891000248065,7891000248072,7891000248089,108,CHOCOLATES NESTLE,60,TABLETES NESTLE,Nestlé
12342105,NESFIT Biscoito LimaoeCereais 44x200gBR ,1905.31.00      ,7891000248201,,7891000248218,105,BISCOITOS,29,NESFIT BISCOITOS SECOS & DOCES,Nestlé
12342537,NESCAFE Cremoso Lata 12x180g BR         ,2101.11.10      ,7891000248744,,7891000248751,118,NESCAFE,123,NESCAFE LATA,Nestlé
12342557,KIT KAT 4Fngr Leite 4 24x41.5g  BR      ,1905.32.00      ,7891000248768,7891000248775,7891000248782,108,CHOCOLATES NESTLE,57,KIT KAT 4 FINGERS,Nestlé
12342558,KITKAT 4Fngr Dark 4 24x41 5g  BR        ,1905.32.00      ,7891000248829,7891000248836,7891000248843,108,CHOCOLATES NESTLE,57,KIT KAT 4 FINGERS,Nestlé
12343630,KITKAT 4Fngr Branco 4 24x41 5g  BR      ,1905.32.00      ,7891000249239,7891000249246,7891000249253,108,CHOCOLATES NESTLE,57,KIT KAT 4 FINGERS,Nestlé
12344609,MAGGI Caldo Galinha 15 10x57g  BR       ,2104.10.11      ,7891000250174,7891000250037,7891000250044,117,MAGGI,115,CALDOS,Nestlé
12344650,MAGGI Caldo Carne Dspl 15 10x57g  BR    ,2104.10.11      ,7891000250150,7891000250006,7891000250013,117,MAGGI,115,CALDOS,Nestlé
12344651,MAGGI Caldo Bacon Display 15 10x57g  BR ,2104.10.11      ,7891000249932,7891000249949,7891000249956,117,MAGGI,115,CALDOS,Nestlé
12344653,MAGGI Caldo Picanha Dspl 15 10x57g  BR  ,2104.10.11      ,7891000249901,7891000249918,7891000249925,117,MAGGI,115,CALDOS,Nestlé
12344654,MAGGI Caldo Costela Dspl 15 10x57g  BR  ,2104.10.11      ,7891000249871,7891000249888,7891000249895,117,MAGGI,115,CALDOS,Nestlé
12346355,MAGGI Caldo Galinha 180x57g BR          ,2104.10.11      ,7891000250174,,7891000250181,117,MAGGI,115,CALDOS,Nestlé
12346356,MAGGI Caldo Carne 180x57g BR            ,2104.10.11      ,7891000250150,,7891000250167,117,MAGGI,115,CALDOS,Nestlé
12347113,NCU2.0ACTGEAchocPo30x400gPRL400P350BR   ,1806.90.00EX01  ,7891000250259,,7891000250266,104,BEBIDAS POS,16,NESCAU LATA 2.0 400G,Nestlé
12347777,ALPINO Panettone Choc 18x400g BR        ,1905.20.10      ,7891000250587,,7891000250594,105,BISCOITOS,30,PANETTONE,Nestlé
12348032,NUTREN Beauty DarkChoc 12x400g BR       ,2106.90.30      ,7891000250747,,7891000250754,112,HEALTH SCIENCE,78,NUTREN BEAUTY,Nestlé
12349922,NESCAFEDLCGST Espresso 10Cap 3x60g N1 BR,0901.21.00      ,7891000243787,,7891000243794,109,DOLCE GUSTO,62,10 CAPS TODO DIA,Nestlé
12349928,MAGGI Caldo Bacon 100x114g BR           ,2104.10.11      ,7891000251492,,7891000251508,117,MAGGI,115,CALDOS,Nestlé
12349929,MAGGI Caldo Picanha 100x114g BR         ,2104.10.11      ,7891000251478,,7891000251485,117,MAGGI,115,CALDOS,Nestlé
12349933,NESCDLCGST CafeAuLait 10Cap 3x100g N1 BR,2101.12.00      ,7891000243954,,7891000243961,109,DOLCE GUSTO,62,10 CAPS TODO DIA,Nestlé
12349934,NESC DLC GST Caffe Matinal 10Cap3x90gBR ,0901.21.00      ,7891000243749,,7891000243756,109,DOLCE GUSTO,62,10 CAPS TODO DIA,Nestlé
12349935,NESCAFE DLC GST Esp Inso 10Cap3x80g N1BR,0901.21.00      ,7891000243725,,7891000243732,109,DOLCE GUSTO,62,10 CAPS TODO DIA,Nestlé
12350064,MAGGI Caldo Galinha 100x114g BR         ,2104.10.11      ,7891000251539,,7891000251546,117,MAGGI,115,CALDOS,Nestlé
12350067,MUCILONBLArzAvaSac12 210 20g PR20gGrtsBR,1901.10.30      ,7891000251249,,7891000251256,102,BABY FOOD,8,MUCILON TRAD SACHET,Nestlé
12350073,MAGGI Caldo Carne 100x114g BR           ,2104.10.11      ,7891000251515,,7891000251522,117,MAGGI,115,CALDOS,Nestlé
12350074,MAGGI Caldo Galinha 76x152g BR          ,2104.10.11      ,7891000251430,,7891000251447,117,MAGGI,115,CALDOS,Nestlé
12350075,MUCILON BLMltrsSac12 210 20g PR20gGrtsBR,1901.10.30      ,7891000251263,,7891000251270,102,BABY FOOD,8,MUCILON TRAD SACHET,Nestlé
12350100,MAGGI Caldo Carne 76x152g BR            ,2104.10.11      ,7891000251454,,7891000251461,117,MAGGI,115,CALDOS,Nestlé
12350191,PRESTIGIO Branco Chocolate 18 30x33 g BR,1704.90.10      ,7891000251133,7891000251140,7891000251157,108,CHOCOLATES NESTLE,54,CANDY BARS NESTLE,Nestlé
12351454,PASSATEMPO Bisc Recheado Ddl 70x130g BR ,1905.31.00      ,7891000251652,,7891000251669,105,BISCOITOS,31,PASSATEMPO BISCOITOS RECHEADOS,Nestlé
12351488,MOLICO Zero Lact CmptoLact Po 24x260g BR,1901.10.10      ,7891000251638,,7891000251645,113,LEITE EM PO,87,MOLICO ZERO LATA,Nestlé
12352686,NESCAU3.0 ACT-GO AchocPo Sac 12x760g BR ,1806.90.00EX01  ,7891000251904,,7891000251911,104,BEBIDAS POS,21,NESCAU SACHET 3.0,Nestlé
12352836,MCLN Bna Mc   Quinoa Zero Sac 12x180g BR,1901.10.30      ,7891000252000,,7891000252017,102,BABY FOOD,8,MUCILON TRAD SACHET,Nestlé
12353691,NESCAU Protein 4 6x270ml  BR            ,2202.99.00EX01  ,7891000252185,                  ,7891000252192,110,FAST,68,ACHOC. PET ESPECIAIS,Nestlé
12354793,NESCAU 2.0 ACTGOAchocPoSachet 12x600gBR ,1806.90.00EX01  ,7891000253083,,7891000253090,104,BEBIDAS POS,19,NESCAU SACHET 2.0 600G,Nestlé
12355348,NESTLE Crmlt Zero Lact Uht 27x200g BR   ,0401.50.21      ,7891000253182,,7891000253199,114,LEITES CULINARIOS,99,CREME TP,Nestlé
12355588,NESTLE Aveia Farelo Orgnc 28x170g BR    ,1104.12.00      ,7891000253229,,7891000253236,106,CEREAIS FAMILIA,37,NESTLE AVEIA ORGANICA,Nestlé
12355589,ALPINO Ovo de Pascoa 35x45g BR          ,1806.90.00      ,7891000253380,,7891000253397,119,PASCOA,131,OVOS DE PASCOA NESTLE,Nestlé
12355729,NESTLEAveiaFlocosGrossosOrgnc 28x170g BR,1104.12.00      ,7891000253403,,7891000253410,106,CEREAIS FAMILIA,37,NESTLE AVEIA ORGANICA,Nestlé
12355785,MAGGI Caldo Carne MenosSodio 100x114g BR,2104.10.11      ,7891000253526,                  ,7891000253533,117,MAGGI,115,CALDOS,Nestlé
12355788,MAGGI Caldo Galinha MenosSodio 180x57gBR,2104.10.11      ,7891000253540,,7891000253557,117,MAGGI,115,CALDOS,Nestlé
12355789,MAGGI Caldo Carne Menos Sodio 180x57g BR,2104.10.11      ,7891000253564,,7891000253571,117,MAGGI,115,CALDOS,Nestlé
12355810,MAGGI Caldo GalinhaMenosSodio 100x114gBR,2104.10.11      ,7891000253588,,7891000253595,117,MAGGI,115,CALDOS,Nestlé
12360716,NESFIT Cookie Cacau e Avela 52x60g BR   ,1905.31.00      ,7891000255773,,7891000254851,105,BISCOITOS,24,BISCOITOS COOKIES,Nestlé
12360740,NESFIT Cookie Banana 52x60g BR          ,1905.31.00      ,7891000255742,,7891000254875,105,BISCOITOS,24,BISCOITOS COOKIES,Nestlé
12362644,NESTLE Papinha Mandioquinha 6x115g N1 BR,2104.20.00      ,7891000255131,,7891000255148,102,BABY FOOD,4,ALIMENTOS INFANTIS VIDRO,Nestlé
12365022,CRUNCH Cereal Matinal Sachet 20x120g BR ,1904.10.00      ,7891000255445,,7891000255452,107,CEREAIS MATINAIS,43,CEREAIS MATINAIS SACHET,Nestlé
12365023,CHEERIOS HONEY Cereal Matinal 20x120g BR,1904.10.00      ,7891000255421,,7891000255438,107,CEREAIS MATINAIS,43,CEREAIS MATINAIS SACHET,Nestlé
12365455,NESTONUTRI CompLact Lt 6x800g BR        ,1901.10.10      ,7891000255544,,7891000255551,115,LEITES DE CRESCIMENTO,107,NESTONUTRI 800G,Nestlé
12366176,NESTLE Papinha Cenoura 6x115g N1 BR     ,2104.20.00      ,7891000255759,,7891000255766,102,BABY FOOD,4,ALIMENTOS INFANTIS VIDRO,Nestlé
12366252,NESTLE Papinha MacaManCenoura 6x120gBR  ,2104.20.00      ,7891000255643,,7891000255650,102,BABY FOOD,4,ALIMENTOS INFANTIS VIDRO,Nestlé
12366253,NESTLE Papinha AmxBttDoceBna 6x120gBR   ,2104.20.00      ,7891000255629,,7891000255636,102,BABY FOOD,4,ALIMENTOS INFANTIS VIDRO,Nestlé
12368066,NESFIT Cacau 4 6x260 ml BR              ,2202.99.00      ,7891000255919,,7891000255926,103,BEBIDAS NESFIT,11,NESFIT 260ML,Nestlé
12368067,NESFIT Cacau 12x1L BR                   ,2202.99.00      ,7891000255889,,7891000255896,103,BEBIDAS NESFIT,10,NESFIT 1L,Nestlé
12368385,PRESTIGIO Branco Flowpack 30x114g BR    ,1704.90.10      ,7891000256138,,7891000256145,108,CHOCOLATES NESTLE,54,CANDY BARS NESTLE,Nestlé
12368428,PRESTIGIO ao Leite Flowpack 30x114g BR  ,1806.90.00      ,7891000256152,,7891000256169,108,CHOCOLATES NESTLE,54,CANDY BARS NESTLE,Nestlé
12369518,NUTREN BEAUTY Vanilla 12x400g BR        ,2106.90.30      ,7891000256497,,7891000256503,112,HEALTH SCIENCE,78,NUTREN BEAUTY,Nestlé
12369837,NESC DLCGST MchccnCanl 16Cap 3x275 2g BR,2101.12.00      ,7891000256510,,7891000256527,109,DOLCE GUSTO,63,16 CAPS IMPULSO,Nestlé
12370783,NESCAU Cereal Matinal 24x210g BR        ,1904.10.00      ,7891000111161,,7891000257104,107,CEREAIS MATINAIS,47,NESCAU CEREAL,Nestlé
12370784,MUCILON Crescidinhos Choco 24x250g BR   ,1901.10.30      ,7891000256855,,7891000256862,102,BABY FOOD,5,MUCILON CRESCIDINHOS LATA,Nestlé
12370785,MUCILON Crescidinhos Baunilha 24x250g BR,1901.10.30      ,7891000256879,,7891000256886,102,BABY FOOD,5,MUCILON CRESCIDINHOS LATA,Nestlé
12371704,NESCAU ACTIV-GO Beb Lac 27x200ml BR     ,2202.99.00EX01  ,7891000379103,,17891000037918,101,ACHOCOLATADOS RTD,3,RTD 200ML REGULAR,Nestlé
12372820,NESCAFE TRADICAO 12x230g BR             ,2101.11.10      ,7891000257135,,7891000257142,118,NESCAFE,128,NESCAFE VIDRO 200G+,Nestlé
12375868,NESCAU 4 Graos Cereal Matinal 24x210g BR,1904.10.00      ,7891000257982,,7891000257999,107,CEREAIS MATINAIS,47,NESCAU CEREAL,Nestlé
12376597,MUCILON BL Mltrs 4x920g PRL4P3 BR       ,1901.10.30      ,7891000258163,,7891000258170,102,BABY FOOD,8,MUCILON TRAD SACHET,Nestlé
12377639,SMASH Tradicional Flowpack 30x114g BR   ,1806.90.00      ,7891000258439,,7891000258446,108,CHOCOLATES NESTLE,54,CANDY BARS NESTLE,Nestlé
12377690,LOLLO Flowpack 30x114g BR               ,1806.90.00      ,7891000258453,,7891000258460,108,CHOCOLATES NESTLE,54,CANDY BARS NESTLE,Nestlé
12377691,CHARGE Flowpack 30x117g BR              ,1806.90.00      ,7891000258477,,7891000258484,108,CHOCOLATES NESTLE,54,CANDY BARS NESTLE,Nestlé
12378133,NESCAU DUO Cereal Matinal 24x210g BR    ,1904.10.00      ,7891000258613,,7891000258620,107,CEREAIS MATINAIS,47,NESCAU CEREAL,Nestlé
12379748,NESTLE Farinha Lactea Beb 9 3x200ml  BR ,2202.99.00      ,7891000259429,,7891000259436,101,ACHOCOLATADOS RTD,2,RTD 200ML ESPECIAIS,Nestlé
12379776,PASSATEMPO Bisc RechChocChoc 70x130g BR ,1905.31.00      ,7891000259405,,7891000259412,105,BISCOITOS,31,PASSATEMPO BISCOITOS RECHEADOS,Nestlé
12379785,PASSATEMPO Bisc Rech Choc Mrg 70x130g BR,1905.31.00      ,7891000259351,,7891000259368,105,BISCOITOS,31,PASSATEMPO BISCOITOS RECHEADOS,Nestlé
12380770,NESTONUTRI CmptoLact 6x800g PR15Dsc BR  ,1901.10.10      ,7891000259856,,7891000259863,115,LEITES DE CRESCIMENTO,107,NESTONUTRI 800G,Nestlé
12380993,NESCAFE ORIGINAL 12x230g BR             ,2101.11.10      ,7891000260388,,7891000260395,118,NESCAFE,128,NESCAFE VIDRO 200G+,Nestlé
12380994,NESCAFE MATINAL 12x230g BR              ,2101.11.10      ,7891000260500,,7891000260517,118,NESCAFE,128,NESCAFE VIDRO 200G+,Nestlé
12381306,NAN SUPREME 1 NWHP308 6x800g BR         ,1901.10.10      ,7613034968364,,7613034968371,111,FORMULAS INFANTIS,72,FAMILIA NAN SUPREME,Nestlé
12382978,NAN AR PBIO1 c  Prebioticos FI 6x800g BR,1901.10.10      ,7891000079393,,7891000079409,111,FORMULAS INFANTIS,74,FORMULAS ESPECIAIS,Nestlé
12383041,ALPINO Coelho Ovo de Pascoa 6 9x60g  BR ,1806.90.00      ,7891000261514,7891000261521,7891000261538,119,PASCOA,131,OVOS DE PASCOA NESTLE,Nestlé
12384857,NINHO Lepo Zero Lactose 6x700g BR       ,1901.10.10      ,7891000261965,,7891000261972,113,LEITE EM PO,97,NINHO ZERO LATA,Nestlé
12385864,PRESTIGIO Ovo de Pascoa 15x207g BR      ,1806.90.00      ,7891000265840,,7891000265857,119,PASCOA,131,OVOS DE PASCOA NESTLE,Nestlé
12391404,NESCAU Max Achoc Po 48x165g BR          ,1806.90.00EX01  ,7891000266748,,7891000266755,104,BEBIDAS POS,17,NESCAU LATA 3.0 380G,Nestlé
12391620,ALPINO Ovo de Pascoa 15x185g BR         ,1806.90.00      ,7891000274729,,7891000274736,119,PASCOA,131,OVOS DE PASCOA NESTLE,Nestlé
12392354,MAGGI Sopao Gl Menos Sodio 24x150g BR   ,2104.10.11      ,7891000275122,,7891000275139,117,MAGGI,118,SOPAO,Nestlé
12392355,MAGGI Sopao Car Menos Sodio 24x150g BR  ,2104.10.11      ,7891000275108,,7891000275115,117,MAGGI,118,SOPAO,Nestlé
12393738,NESFIT Coco 12x1L BR                    ,2202.99.00      ,7891000275320,,7891000275337,103,BEBIDAS NESFIT,10,NESFIT 1L,Nestlé
12393739,NESFIT Amendoa 12x1L BR                 ,2202.99.00      ,7891000275290,,7891000275306,103,BEBIDAS NESFIT,10,NESFIT 1L,Nestlé
12394161,SURPRESA DinoAnimal OvodePasc 15x150g BR,1806.90.00      ,7891000275382,,7891000275399,119,PASCOA,131,OVOS DE PASCOA NESTLE,Nestlé
12394247,NATURNES Nutrisnack Bna e Mrg 12X42g BR ,1905.31.00      ,7891000275603,,7891000275610,102,BABY FOOD,9,NUTRISNACK,Nestlé
12394248,NATURNES Nutrisnack Bna e Lrja 12X42g BR,1905.31.00      ,7891000275634,,7891000275641,102,BABY FOOD,9,NUTRISNACK,Nestlé
12394249,NATURNES Nutrisnack Bna e Mrg 6 10X7g BR,1905.31.00      ,7891000275665,7891000275672,7891000275689,102,BABY FOOD,9,NUTRISNACK,Nestlé
12394350,NATURNES Nutrisnack Bna e Lrja6 10X7g BR,1905.31.00      ,7891000275702,7891000275719,7891000275726,102,BABY FOOD,9,NUTRISNACK,Nestlé
12394435,MUCILON 5 Cereais Quinoa Zero 12X180g BR,1901.10.30      ,7891000275740,,7891000275757,102,BABY FOOD,8,MUCILON TRAD SACHET,Nestlé
12395224,MOLICO Protein Baunilha 4 6x270ml  BR   ,2202.99.00      ,7891000276167,,7891000276174,113,LEITE EM PO,85,MOLICO RTD,Nestlé
12396173,ALPINO Chocolate 4 14x90g  BR           ,1806.32.10      ,7891000276471,7891000276488,7891000276495,108,CHOCOLATES NESTLE,56,JUMBOS NESTLE,Nestlé
12396174,GALAK Chocolate 4 14x90g  BR            ,1704.90.10      ,7891000276518,7891000276525,7891000276532,108,CHOCOLATES NESTLE,56,JUMBOS NESTLE,Nestlé
12396175,ALPINO Black Top Choc 4 14x90g  BR      ,1806.32.10      ,7891000276556,7891000276563,7891000276570,108,CHOCOLATES NESTLE,56,JUMBOS NESTLE,Nestlé
12396176,ALPINO Nevado Choc 4 14x90g  BR         ,1806.32.10      ,7891000276433,7891000276440,7891000276457,108,CHOCOLATES NESTLE,56,JUMBOS NESTLE,Nestlé
12396177,ALPINO Choc Extra Cremoso 4 14x90g  BR  ,1806.32.10      ,7891000276594,7891000276600,7891000276617,108,CHOCOLATES NESTLE,56,JUMBOS NESTLE,Nestlé
12396179,CRUNCH Chocolate 4 14x90g  BR           ,1806.32.10      ,7891000277072,7891000277089,7891000277096,108,CHOCOLATES NESTLE,56,JUMBOS NESTLE,Nestlé
12396191,DIPLOMATA Chocolate 4 14x90g  BR        ,1806.32.10      ,7891000276990,7891000277003,7891000277010,108,CHOCOLATES NESTLE,56,JUMBOS NESTLE,Nestlé
12396192,CRUNCH Amendoim 4 14x90g  BR            ,1806.32.10      ,7891000276952,7891000276969,7891000276976,108,CHOCOLATES NESTLE,56,JUMBOS NESTLE,Nestlé
12396208,CLASSIC Chocolate ao Leite 4 14x90g  BR ,1806.32.10      ,7891000276914,7891000276921,7891000276938,108,CHOCOLATES NESTLE,56,JUMBOS NESTLE,Nestlé
12396209,CLASSIC Choc Meio Amargo 4 14x90g  BR   ,1806.32.10      ,7891000276877,7891000276884,7891000276891,108,CHOCOLATES NESTLE,56,JUMBOS NESTLE,Nestlé
12396270,CLASSIC Duo Chocolate 4 14x90g  BR      ,1806.32.10      ,7891000276839,7891000276846,7891000276853,108,CHOCOLATES NESTLE,56,JUMBOS NESTLE,Nestlé
12396271,CLASSIC Prestigio 4 14x90g  BR          ,1806.32.10      ,7891000276792,7891000276808,7891000276815,108,CHOCOLATES NESTLE,56,JUMBOS NESTLE,Nestlé
12396623,KITKAT Ovo de Pascoa 15x227g BR         ,1806.90.00      ,7891000277188,,7891000277195,119,PASCOA,131,OVOS DE PASCOA NESTLE,Nestlé
12396624,KITKAT White Ovo de Pascoa 15x227g BR   ,1704.90.10      ,7891000277218,,7891000277225,119,PASCOA,131,OVOS DE PASCOA NESTLE,Nestlé
12396630,KITKAT Ovo de Pascoa 15x332g BR         ,1806.90.00      ,7891000277249,,7891000277256,119,PASCOA,131,OVOS DE PASCOA NESTLE,Nestlé
12398651,NESCAU SNOW FLAKES CerMat 10x510g PRPMBR,1904.10.00      ,7891000277843,,7891000277850,107,CEREAIS MATINAIS,47,NESCAU CEREAL,Nestlé
12398672,BONO Bisc Recheado Limao 63x140g BR     ,1905.31.00      ,7891000277928,,7891000277935,105,BISCOITOS,25,BISCOITOS DEMAIS RECHEADOS,Nestlé
12399086,NESQUIK Bebida Lactea Mrg 27x200ml BR   ,2202.99.00      ,7891000389201,,17891000038922,101,ACHOCOLATADOS RTD,2,RTD 200ML ESPECIAIS,Nestlé
12399575,NESCAU ACTGE BLacteaZeroLact 27x200ml BR,2202.99.00EX01  ,7891000110874,,7891000110881,101,ACHOCOLATADOS RTD,2,RTD 200ML ESPECIAIS,Nestlé
12399576,NESCAU Bebida Lactea Light 27x200m BR   ,2202.99.00EX01  ,7891000023167,,7891000023181,101,ACHOCOLATADOS RTD,2,RTD 200ML ESPECIAIS,Nestlé
12399748,NINHO Leite Liq c  Mrg Bna 27x200ml BR  ,2202.99.00      ,7891000077610,,7891000077627,113,LEITE EM PO,93,NINHO RTD,Nestlé
12400662,MAGGI Crm Ceb Menos Sodio 12 12x61g  BR ,2104.10.11      ,7891000279380,7891000279397,7891000283042,117,MAGGI,116,DEMAIS SOPAS,Nestlé
12400747,NAN SUPREME 1 NWHP308 12x400g BR        ,1901.10.10      ,7613034431561,,7613034431578,111,FORMULAS INFANTIS,72,FAMILIA NAN SUPREME,Nestlé
12402770,NINHO 1  PREBIO1FasesLata6x800g PR10  BR,1901.10.10      ,7891000279762,,7891000279779,115,LEITES DE CRESCIMENTO,109,NINHO FASES 800G,Nestlé
12402771,MOCA Churros Cereal Matinal 24x210g BR  ,1904.10.00      ,7891000279809,,7891000279816,107,CEREAIS MATINAIS,45,DEMAIS CEREAIS MATINAIS,Nestlé
12404449,MAGGI Deu Liga Base Cebola 12 12x61g  BR,2103.90.21      ,7891000280508,7891000280522,7891000280539,117,MAGGI,119,TEMPEROS SACHET,Nestlé
12405654,NINHO 1  PREBIO1 FasesLata3x1600gPR20 BR,1901.10.10      ,7891000282236,,7891000282243,115,LEITES DE CRESCIMENTO,109,NINHO FASES 800G,Nestlé
12406053,MUCILON BL MltrsSac 9 500 100 gPR100g BR,1901.10.30      ,7891000282625,,7891000282632,102,BABY FOOD,8,MUCILON TRAD SACHET,Nestlé
12406109,NESTLE Aveia Flocos Organico 28x170g BR ,1104.12.00      ,7891000282700,,7891000282717,106,CEREAIS FAMILIA,37,NESTLE AVEIA ORGANICA,Nestlé
12406131,NESTLE CLASSIC Achoc Po 24x200g BR      ,1806.90.00EX01  ,7891000283219,,7891000283226,104,BEBIDAS POS,12,ACHOC. SAZONAIS,Nestlé
12406317,NINHO 3  PBIO3 Fases Lepo 6x800g BR     ,1901.10.10      ,7891000282809,,7891000282816,115,LEITES DE CRESCIMENTO,109,NINHO FASES 800G,Nestlé
12406547,GALAK Achoc Po 24x200g BR               ,1702.90.00      ,7891000283004,,7891000283011,104,BEBIDAS POS,12,ACHOC. SAZONAIS,Nestlé
12406734,NESC Serras Solu Fco 24x90g BR          ,2101.11.10      ,7891000283325,,7891000283332,118,NESCAFE,129,ORIGENS SOLUVEL,Nestlé
12406735,NESC Sao Solu Fco 24x90g BR             ,2101.11.10      ,7891000283363,,7891000283370,118,NESCAFE,129,ORIGENS SOLUVEL,Nestlé
12406736,NESC Chapada Solu Fco 24x90g BR         ,2101.11.10      ,7891000283400,,7891000283417,118,NESCAFE,129,ORIGENS SOLUVEL,Nestlé
12406737,NESC Serras Torr Mdo Lata 12x250g BR    ,0901.21.00      ,7891000283448,,7891000283455,118,NESCAFE,130,ORIGENS T&M,Nestlé
12406776,KIT KAT Tablete Morango 4 14x102g  BR   ,1905.32.00      ,7891000283486,7891000283493,7891000283509,108,CHOCOLATES NESTLE,58,KIT KAT TABLETES,Nestlé
12406779,KIT KAT Tablete Limao 4 14x102g  BR     ,1905.32.00      ,7891000283530,7891000283547,7891000283554,108,CHOCOLATES NESTLE,58,KIT KAT TABLETES,Nestlé
12406965,NESC Chapada Torr Mdo Lata 12x250g BR   ,0901.21.00      ,7891000283622,,7891000283639,118,NESCAFE,130,ORIGENS T&M,Nestlé
12406966,NESC SaoSebastiaoTorrMoidoLata 12x250gBR,0901.21.00      ,7891000283660,,7891000283677,118,NESCAFE,130,ORIGENS T&M,Nestlé
12406967,NESCAFE GOLD TorrMoidoSuaveSac 12x250gBR,0901.21.00      ,7891000283707,,7891000283714,118,NESCAFE,122,GOLD T&M,Nestlé
12406968,NESCAFE GOLDTorrMoidoIntensoSac12x250gBR,0901.21.00      ,7891000283745,,7891000283752,118,NESCAFE,122,GOLD T&M,Nestlé
12406969,NESC GOLD TorrMdoEquilibradoSac12x250gBR,0901.21.00      ,7891000283783,,7891000283790,118,NESCAFE,122,GOLD T&M,Nestlé
12407027,NESCAFE GOLD INTENSO Fco Sgnt 6x100g XQ ,2101.11.10      ,7613037064322,,7613037064339,118,NESCAFE,121,GOLD SOLUVEL,Nestlé
12407028,NESCAFE GOLD BLEND Fco Sgnt 6x100g XQ   ,2101.11.10      ,7613037064643,,7613037064650,118,NESCAFE,121,GOLD SOLUVEL,Nestlé
12407264,PASSATEMPO Seco e Doce Flocos 54x150g BR,1905.31.00      ,7891000283950,,7891000283967,105,BISCOITOS,32,PASSATEMPO BISCOITOS SECOS & DOCES,Nestlé
12407265,PASSATEMPO Seco e Doce Morango 54x150gBR,1905.31.00      ,7891000283998,,7891000284001,105,BISCOITOS,32,PASSATEMPO BISCOITOS SECOS & DOCES,Nestlé
12407266,PASSATEMPO ChocoMix SecoeDoce 54x150g BR,1905.31.00      ,7891000284032,,7891000284049,105,BISCOITOS,32,PASSATEMPO BISCOITOS SECOS & DOCES,Nestlé
12408234,NESCAU 2.0 ACTGOAchocPoSachet 12x900g BR,1806.90.00EX01  ,7891000284117,,7891000284124,104,BEBIDAS POS,20,NESCAU SACHET 2.0 800G,Nestlé
12408235,NESCAFE MATINAL Fco 12x160g BR          ,2101.11.10      ,7891000284155,,7891000284162,118,NESCAFE,127,NESCAFE VIDRO 160G,Nestlé
12408255,NESCAFE ORIGINAL Fco 12x160g BR         ,2101.11.10      ,7891000284193,,7891000284209,118,NESCAFE,127,NESCAFE VIDRO 160G,Nestlé
12408256,NESCAFE TRADICAO Fco 12x160g BR         ,2101.11.10      ,7891000284230,,7891000284247,118,NESCAFE,127,NESCAFE VIDRO 160G,Nestlé
12408472,KIT KAT Tablete Maracuja 4 14x102g  BR  ,1905.32.00      ,7891000284384,7891000284391,7891000284407,108,CHOCOLATES NESTLE,58,KIT KAT TABLETES,Nestlé
12408474,NEGRESCO Bisc Rech SvtMorango 63x140g BR,1905.31.00      ,7891000284483,,7891000284476,105,BISCOITOS,25,BISCOITOS DEMAIS RECHEADOS,Nestlé
12408532,NESCAU MaxCerealBebidaGarr 4 6x260ml  BR,2202.99.00EX01  ,7891000284599,,7891000284605,110,FAST,68,ACHOC. PET ESPECIAIS,Nestlé
12408533,GALAK Bebida Garr 4 6x270ml  BR         ,2202.99.00      ,7891000284636,,7891000284643,110,FAST,69,ACHOC. PET REGULAR,Nestlé
12408542,BONO Bisc Rech Churros 63x140g BR       ,1905.31.00      ,7891000284568,,7891000284551,105,BISCOITOS,25,BISCOITOS DEMAIS RECHEADOS,Nestlé
12408826,MOLICO LepoParcialDesn Fibras24x260gBR  ,1901.10.10      ,7891000285015,,7891000285022,113,LEITE EM PO,83,MOLICO ESPECIAIS,Nestlé
12408873,NINHO Leite em Po Semi Desn 24x350g BR  ,0402.21.20      ,7891000284971,,7891000284988,113,LEITE EM PO,91,NINHO LEVINHO LATA,Nestlé
12408881,NINHO Lepo Hora da Escola 12x350g BR    ,1901.10.10      ,7891000285053,,7891000285060,113,LEITE EM PO,88,NINHO ESPECIAIS,Nestlé
12408917,NINHO Lepo Hora de Dormir 12x350g BR    ,1901.10.10      ,7891000285138,,7891000285145,113,LEITE EM PO,88,NINHO ESPECIAIS,Nestlé
12408971,GALAK CookieGotasChocBranco 52 3x20g  BR,1905.31.00      ,7891000287552,7891000285176,7891000285183,105,BISCOITOS,24,BISCOITOS COOKIES,Nestlé
12408972,ALPINO Cookie Gotas Choc 52 3x20g BR    ,1905.31.00      ,7891000287521,7891000285213,7891000285220,105,BISCOITOS,24,BISCOITOS COOKIES,Nestlé
12409492,NDG EspRistArdenza 16Cap3x112g XQ       ,0901.21.00      ,7613035177611,,7613035177628,109,DOLCE GUSTO,63,16 CAPS IMPULSO,Nestlé
12409656,BONO Wafer Alpino 48x110g BR            ,1905.32.00      ,7891000285541,,7891000285558,105,BISCOITOS,26,BISCOITOS WAFER,Nestlé
12409925,BONO Wafer Mrg Sensacao 48x110g BR      ,1905.32.00      ,7891000285626,,7891000285633,105,BISCOITOS,26,BISCOITOS WAFER,Nestlé
12410104,NESC DLC GST Lungo 16Caps 3x112g BR     ,0901.21.00      ,7501059273245,,17501059273242,109,DOLCE GUSTO,64,16 CAPS TODO DIA,Nestlé
12410107,MAGGI Caldo Po Carne 96x35g BR          ,2104.10.11      ,7891000285800,,7891000285817,117,MAGGI,115,CALDOS,Nestlé
12410129,MAGGI Caldo Po Galinha 96x35g BR        ,2104.10.11      ,7891000285848,,7891000285855,117,MAGGI,115,CALDOS,Nestlé
12410185,NESCAFE GOLD ESPRESSO Fco 6x100g BR     ,2101.11.10      ,7613037094732,,7613037095340,118,NESCAFE,121,GOLD SOLUVEL,Nestlé
12410440,NESTON 3 Cereais Sachet 12x210g N1 BR   ,1104.29.00      ,7891000098950,,7891000098967,106,CEREAIS FAMILIA,40,NESTON 3C SACHET,Nestlé
12410450,NESTON 3 Cereais 18x400g N2 BR          ,1104.29.00      ,7891000011300,,17891000009267,106,CEREAIS FAMILIA,39,NESTON 3C LATA,Nestlé
12410607,MOCA Doce de Leite Coco 48x370g BR      ,1901.90.20      ,7891000286104,,7891000286111,114,LEITES CULINARIOS,101,MOCA DOCE DE LEITE,Nestlé
12413303,PSTMP Bisc Rech Mrg Chambinho 32x80g BR ,1905.31.00      ,7891000287040,,7891000287057,105,BISCOITOS,31,PASSATEMPO BISCOITOS RECHEADOS,Nestlé
12414668,NESTLE Farinha Lactea 9x600g L600P500gBR,1901.10.20      ,7891000287453,,7891000287460,106,CEREAIS FAMILIA,36,FARINHA LACTEA SACHET,Nestlé
12415629,NESFIT Bisc Morango e Cereais 45x140g BR,1905.31.00      ,7891000287576,,7891000287583,105,BISCOITOS,29,NESFIT BISCOITOS SECOS & DOCES,Nestlé
12415638,NESFIT Bisc Cacau e Cereais 45x140g BR  ,1905.31.00      ,7891000287613,,7891000287620,105,BISCOITOS,29,NESFIT BISCOITOS SECOS & DOCES,Nestlé
12417921,MAGGI Caldo Legumes MenosSodio 180x57gBR,2104.10.11      ,7891000288313,,7891000288320,117,MAGGI,115,CALDOS,Nestlé
12417931,MAGGI Caldo LegumesMenosSodio 100x114gBR,2104.10.11      ,7891000288276,,7891000288283,117,MAGGI,115,CALDOS,Nestlé
12417938,NEGRESCO Bisc Rech Fininho 8 14x57g  BR ,1905.31.00      ,7891000288405,7891000288412,7891000288429,105,BISCOITOS,25,BISCOITOS DEMAIS RECHEADOS,Nestlé
12417972,NEGRESCO Bisc Rech MegaRecheio 72x96g BR,1905.31.00      ,7891000288368,,7891000288375,105,BISCOITOS,25,BISCOITOS DEMAIS RECHEADOS,Nestlé
12418204,NESTON 3 Cereais Sachet 9x600g N2 BR    ,1104.29.00      ,7891000288474,,7891000288481,106,CEREAIS FAMILIA,40,NESTON 3C SACHET,Nestlé
12420203,NESFIT Coco 4 6x260ml  BR               ,2202.99.00      ,7891000289785,,7891000289792,103,BEBIDAS NESFIT,11,NESFIT 260ML,Nestlé
12420220,NESFIT Delice Bisc CacaueAvela 45x140gBR,1905.31.00      ,7891000289709,,7891000289716,105,BISCOITOS,29,NESFIT BISCOITOS SECOS & DOCES,Nestlé
12420221,NESFIT DeliceBiscMacaeCanela 45x140g BR ,1905.31.00      ,7891000289747,,7891000289754,105,BISCOITOS,29,NESFIT BISCOITOS SECOS & DOCES,Nestlé
12420222,MOLICO Omega 12x260g BR                 ,1901.10.10      ,7891000289860,,7891000289877,113,LEITE EM PO,83,MOLICO ESPECIAIS,Nestlé
12420287,NESTLE Aveia Flocos 14x340g BR          ,1104.12.00      ,7891000289945,,7891000289952,106,CEREAIS FAMILIA,38,NESTLE AVEIA REGULAR,Nestlé
12424166,ALPINO Panettone Gateau 18x400g BR      ,1905.20.10      ,7891000292006,,7891000292013,105,BISCOITOS,30,PANETTONE,Nestlé
12424178,NESC DOLCE GUSTO Capp 16Caps 3x188g BR  ,2101.12.00      ,7891000291900,,7891000291917,109,DOLCE GUSTO,63,16 CAPS IMPULSO,Nestlé
12424185,NESTONUTRI CmptoLact Lt 6x800g N1 BR    ,1901.10.10      ,7891000255544,,7891000255551,115,LEITES DE CRESCIMENTO,107,NESTONUTRI 800G,Nestlé
12424189,NESTOGENO 2 Formula Infantil 6x800g N3BR,1901.10.10      ,7891000062760,,7891000062777,111,FORMULAS INFANTIS,73,FAMILIA NESTOGENO,Nestlé
12424192,NESTOGENO 1 Formula Infantil 6x800g N3BR,1901.10.10      ,7891000062722,,7891000062739,111,FORMULAS INFANTIS,73,FAMILIA NESTOGENO,Nestlé
12424483,NESTOGENO 1 Formula Infantil 12x400gN3BR,1901.10.10      ,7891000056523,,7891000056530,111,FORMULAS INFANTIS,73,FAMILIA NESTOGENO,Nestlé
12424484,NESTOGENO 2 Formula Infantil 12x400gN3BR,1901.10.10      ,7891000056615,,7891000056622,111,FORMULAS INFANTIS,73,FAMILIA NESTOGENO,Nestlé
12424986,ALPINO Ovo de Pascoa 15x337g BR         ,1806.90.00      ,7891000292518,,7891000292525,119,PASCOA,131,OVOS DE PASCOA NESTLE,Nestlé
12428663,ESPECIALIDADES Bombons 30x251g BR       ,1806.90.00      ,7891000295304,,7891000295311,108,CHOCOLATES NESTLE,53,CAIXAS NESTLE,Nestlé
12429007,NUTREN Protein Chocolate Po 12x400g BR  ,2106.90.30      ,7891000295458,,7891000295465,112,HEALTH SCIENCE,80,NUTREN PROTEIN,Nestlé
12429016,NUTREN Protein Baunilha Po 12x400g BR   ,1901.90.90      ,7891000295410,,7891000295427,112,HEALTH SCIENCE,80,NUTREN PROTEIN,Nestlé
12430225,NEGRESCO Achoc Po 24x200g BR            ,1806.90.00EX01  ,7891000297490,,7891000297506,104,BEBIDAS POS,12,ACHOC. SAZONAIS,Nestlé
12430233,PRESTIGIO Achoc Po 24x200g BR           ,1806.90.00EX01  ,7891000297414,,7891000297421,104,BEBIDAS POS,12,ACHOC. SAZONAIS,Nestlé
12432070,NESCAU Ovo de Pascoa NBA 15x150g BR     ,1806.90.00      ,7891000298763,,7891000298770,119,PASCOA,131,OVOS DE PASCOA NESTLE,Nestlé
12432495,NESCDLCGSTCflait Desn 16Caps 3x160g BR  ,2101.12.00      ,7891000299098,,7891000299104,109,DOLCE GUSTO,64,16 CAPS TODO DIA,Nestlé
12433115,KIT KAT Mini Ovos de Pascoa 20x90g BR   ,1806.90.00      ,7891000299579,,7891000299586,119,PASCOA,131,OVOS DE PASCOA NESTLE,Nestlé
12433131,ALPINO Mini Ovos de Pascoa 20x90g BR    ,1806.90.00      ,7891000299616,,7891000299623,119,PASCOA,131,OVOS DE PASCOA NESTLE,Nestlé
12433140,SURPRESA Mini Ovos de Pascoa 20x90g BR  ,1806.90.00      ,7891000299531,,7891000299548,119,PASCOA,131,OVOS DE PASCOA NESTLE,Nestlé
12434938,SURPRESA Ovo Pasc Espaco 15x150g BR     ,1806.90.00      ,7891000301197,,7891000301203,119,PASCOA,131,OVOS DE PASCOA NESTLE,Nestlé
12434940,SURPRESA Ovo Pascoa Lol Bolsa 6x150g BR ,1806.90.00      ,7891000301234,,7891000301241,119,PASCOA,131,OVOS DE PASCOA NESTLE,Nestlé
12435369,CHEERIOS HONEY Cer Matinal 24x210g BR   ,1904.10.00      ,7891000301517,,7891000301524,107,CEREAIS MATINAIS,44,CHEERIOS,Nestlé
12435579,KIT KAT Coelho 12 12x29g  BR            ,1806.90.00      ,7891000301609,7891000301623,7891000301630,119,PASCOA,131,OVOS DE PASCOA NESTLE,Nestlé
12437247,PRESTIGIO Bebida Garrafa 24x270ml BR    ,2202.99.00EX01  ,7891000302248,,7891000302255,110,FAST,69,ACHOC. PET REGULAR,Nestlé
12437280,NESCAU CerMat 60 Menos Acucar 24x200g BR,1904.10.00      ,7891000302286,,7891000302293,107,CEREAIS MATINAIS,47,NESCAU CEREAL,Nestlé
12437798,NDG Cafe Caseiro Inso 16 Caps 3x144g BR ,0901.21.00      ,7891000302644,,7891000302651,109,DOLCE GUSTO,64,16 CAPS TODO DIA,Nestlé
12437801,NESCDLCGST Cafe Caseiro 16 Cap 3x128g BR,0901.21.00      ,7891000302606,,7891000302613,109,DOLCE GUSTO,64,16 CAPS TODO DIA,Nestlé
12439441,BONO Bisc Rech MegaRech Choc 36x96g BR  ,1905.31.00      ,7891000304518,,7891000304525,105,BISCOITOS,25,BISCOITOS DEMAIS RECHEADOS,Nestlé
12439442,NESFIT Biscoito Cacau e Cereais48x160gBR,1905.31.00      ,7891000304556,,7891000304563,105,BISCOITOS,29,NESFIT BISCOITOS SECOS & DOCES,Nestlé
12439443,NESFIT Biscoito Leite e Mel 48x160g BR  ,1905.31.00      ,7891000304679,,7891000304686,105,BISCOITOS,29,NESFIT BISCOITOS SECOS & DOCES,Nestlé
12439444,NESFIT Bisc Laranja e Cenoura 48x160g BR,1905.31.00      ,7891000304754,,7891000304761,105,BISCOITOS,29,NESFIT BISCOITOS SECOS & DOCES,Nestlé
12439450,BONO Bisc Rech Fininho Ddl 44x57g BR    ,1905.31.00      ,7891000304464,,7891000304488,105,BISCOITOS,25,BISCOITOS DEMAIS RECHEADOS,Nestlé
12439451,NESFIT Biscoito Mrg e Cereais 48x160g BR,1905.31.00      ,7891000304594,,7891000304600,105,BISCOITOS,29,NESFIT BISCOITOS SECOS & DOCES,Nestlé
12439452,NESFIT Biscoito Aveia e Mel 48x160g BR  ,1905.31.00      ,7891000304631,,7891000304648,105,BISCOITOS,29,NESFIT BISCOITOS SECOS & DOCES,Nestlé
12439453,NESFIT Biscoito LimaoeCereais 48x160g BR,1905.31.00      ,7891000304716,,7891000304723,105,BISCOITOS,29,NESFIT BISCOITOS SECOS & DOCES,Nestlé
12439496,NESFIT Biscoito Coco 48x160g BR         ,1905.31.00      ,7891000304792,,7891000304990,105,BISCOITOS,29,NESFIT BISCOITOS SECOS & DOCES,Nestlé
12439508,NESFIT Bisc Banana Ava e Canl 48x160g BR,1905.31.00      ,7891000304839,,7891000304846,105,BISCOITOS,29,NESFIT BISCOITOS SECOS & DOCES,Nestlé
12439521,BONO Bisc Rech Fininho Choc 44x57g BR   ,1905.31.00      ,7891000304877,,7891000304891,105,BISCOITOS,25,BISCOITOS DEMAIS RECHEADOS,Nestlé
12439770,MOCA Leite Condensado Light 27x410g BR  ,0402.99.00      ,7891000107041,,7891000306376,114,LEITES CULINARIOS,103,MOCA ESPECIAIS,Nestlé
12439789,BONO Biscoito Recheado Ddl 60x126g BR   ,1905.31.00      ,7891000305270,,7891000305287,105,BISCOITOS,25,BISCOITOS DEMAIS RECHEADOS,Nestlé
12439813,BONO Bisc Recheado Morango 60x126g BR   ,1905.31.00      ,7891000305195,,7891000305201,105,BISCOITOS,25,BISCOITOS DEMAIS RECHEADOS,Nestlé
12440848,MOCA Leite Condensado Caixinha 27x340gBR,0402.99.00      ,7891000305553,,7891000305560,114,LEITES CULINARIOS,100,MOCA CAIXINHA,Nestlé
12440872,NESTON BebGarrProtBnaMaca 24x280ml BR   ,2202.99.00      ,7891000305690,,7891000305706,110,FAST,68,ACHOC. PET ESPECIAIS,Nestlé
12441250,PSTMP Bisc Super Rech Choc 28x96g BR    ,1905.31.00      ,7891000306284,,7891000306291,105,BISCOITOS,31,PASSATEMPO BISCOITOS RECHEADOS,Nestlé
